This file contains any messages produced by compilers while
running configure, to aid debugging if configure makes a mistake.

It was created by Valgrind configure 3.18.1, which was
generated by GNU Autoconf 2.71.  Invocation command line was

  $ ./configure --prefix=/homes/pdacost/cs510/val-tools

## --------- ##
## Platform. ##
## --------- ##

hostname = mc18.cs.purdue.edu
uname -m = x86_64
uname -r = 5.15.0-72-generic
uname -s = Linux
uname -v = #79-Ubuntu SMP Wed Apr 19 08:22:18 UTC 2023

/usr/bin/uname -p = unknown
/bin/uname -X     = unknown

/bin/arch              = unknown
/usr/bin/arch -k       = unknown
/usr/convex/getsysinfo = unknown
/usr/bin/hostinfo      = unknown
/bin/machine           = unknown
/usr/bin/oslevel       = unknown
/bin/universe          = unknown

PATH: /usr/lib/jvm/java-8-openjdk-amd64/bin/
PATH: /homes/an93/CS560/sketch-1.7.5/sketch-frontend/
PATH: /homes/pdacost/bin/
PATH: /usr/local/bin/
PATH: /p/xinu/bin/
PATH: /u/antor/u7/pdacost/.vscode-server/bin/abd2f3db4bdb28f9e95536dfa84d8479f1eb312d/bin/remote-cli/
PATH: /u/antor/u7/pdacost/.opam/default/bin/
PATH: /usr/lib/jvm/java-8-openjdk-amd64/bin/
PATH: /homes/an93/CS560/sketch-1.7.5/sketch-frontend/
PATH: /homes/pdacost/bin/
PATH: /usr/local/bin/
PATH: /p/xinu/bin/
PATH: /homes/pdacost/bin/.x86_64-linux/
PATH: /homes/pdacost/bin/
PATH: /usr/local/sbin/
PATH: /usr/local/bin/
PATH: /usr/sbin/
PATH: /usr/bin/
PATH: /sbin/
PATH: /bin/
PATH: /usr/games/
PATH: /usr/local/games/
PATH: /snap/bin/
PATH: ./


## ----------- ##
## Core tests. ##
## ----------- ##

configure:3220: looking for aux files: config.guess config.sub compile missing install-sh
configure:3233:  trying ./
configure:3262:   ./config.guess found
configure:3262:   ./config.sub found
configure:3262:   ./compile found
configure:3262:   ./missing found
configure:3244:   ./install-sh found
configure:3394: checking for a BSD-compatible install
configure:3467: result: /usr/bin/install -c
configure:3478: checking whether build environment is sane
configure:3533: result: yes
configure:3692: checking for a race-free mkdir -p
configure:3736: result: /bin/mkdir -p
configure:3743: checking for gawk
configure:3764: found /usr/bin/gawk
configure:3775: result: gawk
configure:3786: checking whether make sets $(MAKE)
configure:3809: result: yes
configure:3839: checking whether make supports nested variables
configure:3857: result: yes
configure:3995: checking whether to enable maintainer-specific portions of Makefiles
configure:4005: result: no
configure:4030: checking whether ln -s works
configure:4034: result: yes
configure:4103: checking for gcc
configure:4124: found /usr/bin/gcc
configure:4135: result: gcc
configure:4488: checking for C compiler version
configure:4497: gcc --version >&5
gcc (Ubuntu 11.3.0-1ubuntu1~22.04.1) 11.3.0
Copyright (C) 2021 Free Software Foundation, Inc.
This is free software; see the source for copying conditions.  There is NO
warranty; not even for MERCHANTABILITY or FITNESS FOR A PARTICULAR PURPOSE.

configure:4508: $? = 0
configure:4497: gcc -v >&5
Using built-in specs.
COLLECT_GCC=gcc
COLLECT_LTO_WRAPPER=/usr/lib/gcc/x86_64-linux-gnu/11/lto-wrapper
OFFLOAD_TARGET_NAMES=nvptx-none:amdgcn-amdhsa
OFFLOAD_TARGET_DEFAULT=1
Target: x86_64-linux-gnu
Configured with: ../src/configure -v --with-pkgversion='Ubuntu 11.3.0-1ubuntu1~22.04.1' --with-bugurl=file:///usr/share/doc/gcc-11/README.Bugs --enable-languages=c,ada,c++,go,brig,d,fortran,objc,obj-c++,m2 --prefix=/usr --with-gcc-major-version-only --program-suffix=-11 --program-prefix=x86_64-linux-gnu- --enable-shared --enable-linker-build-id --libexecdir=/usr/lib --without-included-gettext --enable-threads=posix --libdir=/usr/lib --enable-nls --enable-bootstrap --enable-clocale=gnu --enable-libstdcxx-debug --enable-libstdcxx-time=yes --with-default-libstdcxx-abi=new --enable-gnu-unique-object --disable-vtable-verify --enable-plugin --enable-default-pie --with-system-zlib --enable-libphobos-checking=release --with-target-system-zlib=auto --enable-objc-gc=auto --enable-multiarch --disable-werror --enable-cet --with-arch-32=i686 --with-abi=m64 --with-multilib-list=m32,m64,mx32 --enable-multilib --with-tune=generic --enable-offload-targets=nvptx-none=/build/gcc-11-aYxV0E/gcc-11-11.3.0/debian/tmp-nvptx/usr,amdgcn-amdhsa=/build/gcc-11-aYxV0E/gcc-11-11.3.0/debian/tmp-gcn/usr --without-cuda-driver --enable-checking=release --build=x86_64-linux-gnu --host=x86_64-linux-gnu --target=x86_64-linux-gnu --with-build-config=bootstrap-lto-lean --enable-link-serialization=2
Thread model: posix
Supported LTO compression algorithms: zlib zstd
gcc version 11.3.0 (Ubuntu 11.3.0-1ubuntu1~22.04.1) 
... rest of stderr output deleted ...
configure:4508: $? = 0
configure:4497: gcc -V >&5
gcc: error: unrecognized command-line option '-V'
gcc: fatal error: no input files
compilation terminated.
configure:4508: $? = 1
configure:4497: gcc -qversion >&5
gcc: error: unrecognized command-line option '-qversion'; did you mean '--version'?
gcc: fatal error: no input files
compilation terminated.
configure:4508: $? = 1
configure:4497: gcc -version >&5
gcc: error: unrecognized command-line option '-version'
gcc: fatal error: no input files
compilation terminated.
configure:4508: $? = 1
configure:4528: checking whether the C compiler works
configure:4550: gcc    conftest.c  >&5
configure:4554: $? = 0
configure:4604: result: yes
configure:4607: checking for C compiler default output file name
configure:4609: result: a.out
configure:4615: checking for suffix of executables
configure:4622: gcc -o conftest    conftest.c  >&5
configure:4626: $? = 0
configure:4649: result: 
configure:4671: checking whether we are cross compiling
configure:4679: gcc -o conftest    conftest.c  >&5
configure:4683: $? = 0
configure:4690: ./conftest
configure:4694: $? = 0
configure:4709: result: no
configure:4714: checking for suffix of object files
configure:4737: gcc -c   conftest.c >&5
configure:4741: $? = 0
configure:4763: result: o
configure:4767: checking whether the compiler supports GNU C
configure:4787: gcc -c   conftest.c >&5
configure:4787: $? = 0
configure:4797: result: yes
configure:4808: checking whether gcc accepts -g
configure:4829: gcc -c -g  conftest.c >&5
configure:4829: $? = 0
configure:4873: result: yes
configure:4893: checking for gcc option to enable C11 features
configure:4908: gcc  -c   conftest.c >&5
configure:4908: $? = 0
configure:4926: result: none needed
configure:5042: checking whether gcc understands -c and -o together
configure:5065: gcc -c conftest.c -o conftest2.o
configure:5068: $? = 0
configure:5065: gcc -c conftest.c -o conftest2.o
configure:5068: $? = 0
configure:5080: result: yes
configure:5100: checking whether make supports the include directive
configure:5115: make -f confmf.GNU && cat confinc.out
this is the am__doit target
configure:5118: $? = 0
configure:5137: result: yes (GNU style)
configure:5163: checking dependency style of gcc
configure:5275: result: gcc3
configure:5296: checking how to run the C preprocessor
configure:5322: gcc -E  conftest.c
configure:5322: $? = 0
configure:5337: gcc -E  conftest.c
conftest.c:11:10: fatal error: ac_nonexistent.h: No such file or directory
   11 | #include <ac_nonexistent.h>
      |          ^~~~~~~~~~~~~~~~~~
compilation terminated.
configure:5337: $? = 1
configure: failed program was:
| /* confdefs.h */
| #define PACKAGE_NAME "Valgrind"
| #define PACKAGE_TARNAME "valgrind"
| #define PACKAGE_VERSION "3.18.1"
| #define PACKAGE_STRING "Valgrind 3.18.1"
| #define PACKAGE_BUGREPORT "valgrind-users@lists.sourceforge.net"
| #define PACKAGE_URL ""
| #define PACKAGE "valgrind"
| #define VERSION "3.18.1"
| /* end confdefs.h.  */
| #include <ac_nonexistent.h>
configure:5364: result: gcc -E
configure:5378: gcc -E  conftest.c
configure:5378: $? = 0
configure:5393: gcc -E  conftest.c
conftest.c:11:10: fatal error: ac_nonexistent.h: No such file or directory
   11 | #include <ac_nonexistent.h>
      |          ^~~~~~~~~~~~~~~~~~
compilation terminated.
configure:5393: $? = 1
configure: failed program was:
| /* confdefs.h */
| #define PACKAGE_NAME "Valgrind"
| #define PACKAGE_TARNAME "valgrind"
| #define PACKAGE_VERSION "3.18.1"
| #define PACKAGE_STRING "Valgrind 3.18.1"
| #define PACKAGE_BUGREPORT "valgrind-users@lists.sourceforge.net"
| #define PACKAGE_URL ""
| #define PACKAGE "valgrind"
| #define VERSION "3.18.1"
| /* end confdefs.h.  */
| #include <ac_nonexistent.h>
configure:5492: checking for g++
configure:5513: found /usr/bin/g++
configure:5524: result: g++
configure:5551: checking for C++ compiler version
configure:5560: g++ --version >&5
g++ (Ubuntu 11.3.0-1ubuntu1~22.04.1) 11.3.0
Copyright (C) 2021 Free Software Foundation, Inc.
This is free software; see the source for copying conditions.  There is NO
warranty; not even for MERCHANTABILITY or FITNESS FOR A PARTICULAR PURPOSE.

configure:5571: $? = 0
configure:5560: g++ -v >&5
Using built-in specs.
COLLECT_GCC=g++
COLLECT_LTO_WRAPPER=/usr/lib/gcc/x86_64-linux-gnu/11/lto-wrapper
OFFLOAD_TARGET_NAMES=nvptx-none:amdgcn-amdhsa
OFFLOAD_TARGET_DEFAULT=1
Target: x86_64-linux-gnu
Configured with: ../src/configure -v --with-pkgversion='Ubuntu 11.3.0-1ubuntu1~22.04.1' --with-bugurl=file:///usr/share/doc/gcc-11/README.Bugs --enable-languages=c,ada,c++,go,brig,d,fortran,objc,obj-c++,m2 --prefix=/usr --with-gcc-major-version-only --program-suffix=-11 --program-prefix=x86_64-linux-gnu- --enable-shared --enable-linker-build-id --libexecdir=/usr/lib --without-included-gettext --enable-threads=posix --libdir=/usr/lib --enable-nls --enable-bootstrap --enable-clocale=gnu --enable-libstdcxx-debug --enable-libstdcxx-time=yes --with-default-libstdcxx-abi=new --enable-gnu-unique-object --disable-vtable-verify --enable-plugin --enable-default-pie --with-system-zlib --enable-libphobos-checking=release --with-target-system-zlib=auto --enable-objc-gc=auto --enable-multiarch --disable-werror --enable-cet --with-arch-32=i686 --with-abi=m64 --with-multilib-list=m32,m64,mx32 --enable-multilib --with-tune=generic --enable-offload-targets=nvptx-none=/build/gcc-11-aYxV0E/gcc-11-11.3.0/debian/tmp-nvptx/usr,amdgcn-amdhsa=/build/gcc-11-aYxV0E/gcc-11-11.3.0/debian/tmp-gcn/usr --without-cuda-driver --enable-checking=release --build=x86_64-linux-gnu --host=x86_64-linux-gnu --target=x86_64-linux-gnu --with-build-config=bootstrap-lto-lean --enable-link-serialization=2
Thread model: posix
Supported LTO compression algorithms: zlib zstd
gcc version 11.3.0 (Ubuntu 11.3.0-1ubuntu1~22.04.1) 
... rest of stderr output deleted ...
configure:5571: $? = 0
configure:5560: g++ -V >&5
g++: error: unrecognized command-line option '-V'
g++: fatal error: no input files
compilation terminated.
configure:5571: $? = 1
configure:5560: g++ -qversion >&5
g++: error: unrecognized command-line option '-qversion'; did you mean '--version'?
g++: fatal error: no input files
compilation terminated.
configure:5571: $? = 1
configure:5575: checking whether the compiler supports GNU C++
configure:5595: g++ -c   conftest.cpp >&5
configure:5595: $? = 0
configure:5605: result: yes
configure:5616: checking whether g++ accepts -g
configure:5637: g++ -c -g  conftest.cpp >&5
configure:5637: $? = 0
configure:5681: result: yes
configure:5701: checking for g++ option to enable C++11 features
configure:5716: g++  -c   conftest.cpp >&5
conftest.cpp: In function 'int main(int, char**)':
conftest.cpp:177:25: warning: empty parentheses were disambiguated as a function declaration [-Wvexing-parse]
  177 |   cxx11test::delegate d2();
      |                         ^~
conftest.cpp:177:25: note: remove parentheses to default-initialize a variable
  177 |   cxx11test::delegate d2();
      |                         ^~
      |                         --
conftest.cpp:177:25: note: or replace parentheses with braces to value-initialize a variable
configure:5716: $? = 0
configure:5734: result: none needed
configure:5800: checking dependency style of g++
configure:5912: result: gcc3
configure:5988: checking for ranlib
configure:6009: found /usr/bin/ranlib
configure:6020: result: ranlib
configure:6048: checking for gcc-ranlib
configure:6071: found /usr/bin/gcc-ranlib
configure:6083: result: /usr/bin/gcc-ranlib
configure:6100: checking for a sed that does not truncate output
configure:6170: result: /bin/sed
configure:6183: checking for ar
configure:6206: found /usr/bin/ar
configure:6218: result: /usr/bin/ar
configure:6239: checking for gcc-ar
configure:6262: found /usr/bin/gcc-ar
configure:6274: result: /usr/bin/gcc-ar
configure:6297: checking for perl
configure:6320: found /usr/bin/perl
configure:6332: result: /usr/bin/perl
configure:6344: checking for gdb
configure:6367: found /usr/bin/gdb
configure:6380: result: /usr/bin/gdb
configure:6402: checking dependency style of gcc
configure:6512: result: gcc3
configure:6531: checking for diff -u
configure:6539: result: yes
configure:6556: checking for a supported version of gcc
configure:6632: result: ok (11)
configure:6660: checking build system type
configure:6675: result: x86_64-pc-linux-gnu
configure:6695: checking host system type
configure:6709: result: x86_64-pc-linux-gnu
configure:6730: checking for a supported CPU
configure:6757: result: ok (x86_64)
configure:6854: checking for a 64-bit only build
configure:6869: result: no
configure:6873: checking for a 32-bit only build
configure:6888: result: no
configure:6901: checking for a supported OS
configure:6909: result: ok (linux-gnu)
configure:6914: checking for the kernel version
configure:6927: result: 2.6 or later (5.15.0-72-generic)
configure:7198: checking for 32 bit build support
configure:7216: gcc -o conftest -m32   conftest.c  >&5
configure:7216: $? = 0
configure:7219: result: yes
configure:7309: checking for a supported CPU/OS combination
configure:7359: result: ok (amd64-linux)
configure:7993: checking for use as an inner Valgrind
configure:8008: result: no
configure:8026: checking for using the undefined behaviour sanitiser
configure:8041: result: no
configure:8151: checking for stdio.h
configure:8151: gcc -c   conftest.c >&5
configure:8151: $? = 0
configure:8151: result: yes
configure:8151: checking for stdlib.h
configure:8151: gcc -c   conftest.c >&5
configure:8151: $? = 0
configure:8151: result: yes
configure:8151: checking for string.h
configure:8151: gcc -c   conftest.c >&5
configure:8151: $? = 0
configure:8151: result: yes
configure:8151: checking for inttypes.h
configure:8151: gcc -c   conftest.c >&5
configure:8151: $? = 0
configure:8151: result: yes
configure:8151: checking for stdint.h
configure:8151: gcc -c   conftest.c >&5
configure:8151: $? = 0
configure:8151: result: yes
configure:8151: checking for strings.h
configure:8151: gcc -c   conftest.c >&5
configure:8151: $? = 0
configure:8151: result: yes
configure:8151: checking for sys/stat.h
configure:8151: gcc -c   conftest.c >&5
configure:8151: $? = 0
configure:8151: result: yes
configure:8151: checking for sys/types.h
configure:8151: gcc -c   conftest.c >&5
configure:8151: $? = 0
configure:8151: result: yes
configure:8151: checking for unistd.h
configure:8151: gcc -c   conftest.c >&5
configure:8151: $? = 0
configure:8151: result: yes
configure:8151: checking for sys/time.h
configure:8151: gcc -c   conftest.c >&5
configure:8151: $? = 0
configure:8151: result: yes
configure:8151: checking for sys/param.h
configure:8151: gcc -c   conftest.c >&5
configure:8151: $? = 0
configure:8151: result: yes
configure:8176: checking for features.h
configure:8176: gcc -c   conftest.c >&5
configure:8176: $? = 0
configure:8176: result: yes
configure:8196: checking for grep that handles long lines and -e
configure:8260: result: /bin/grep
configure:8265: checking for egrep
configure:8333: result: /bin/grep -E
configure:8410: checking whether pthread_create needs libpthread
configure:8427: gcc -o conftest    conftest.c  >&5
configure:8427: $? = 0
configure:8430: result: no
configure:8454: checking the glibc version
configure:8490: result: 2.35 family
configure:8636: checking for AT_FDCWD
configure:8655: gcc -c   conftest.c >&5
configure:8655: $? = 0
configure:8659: result: yes
configure:8685: checking for stpncpy
configure:8706: gcc -o conftest    conftest.c  >&5
configure:8706: $? = 0
configure:8710: result: yes
configure:8734: checking for PTRACE_GETREGS
configure:8755: gcc -c   conftest.c >&5
configure:8755: $? = 0
configure:8758: result: yes
configure:8775: checking for CLOCK_MONOTONIC
configure:8795: gcc -c   conftest.c >&5
configure:8795: $? = 0
configure:8798: result: yes
configure:8815: checking for Elf32_Chdr
configure:8815: gcc -c   conftest.c >&5
configure:8815: $? = 0
configure:8815: gcc -c   conftest.c >&5
conftest.c: In function 'main':
conftest.c:34:25: error: expected expression before ')' token
   34 | if (sizeof ((Elf32_Chdr)))
      |                         ^
configure:8815: $? = 1
configure: failed program was:
| /* confdefs.h */
| #define PACKAGE_NAME "Valgrind"
| #define PACKAGE_TARNAME "valgrind"
| #define PACKAGE_VERSION "3.18.1"
| #define PACKAGE_STRING "Valgrind 3.18.1"
| #define PACKAGE_BUGREPORT "valgrind-users@lists.sourceforge.net"
| #define PACKAGE_URL ""
| #define PACKAGE "valgrind"
| #define VERSION "3.18.1"
| #define GDB_PATH "/usr/bin/gdb"
| #define VG_TMPDIR "/tmp"
| #define HAVE_STDIO_H 1
| #define HAVE_STDLIB_H 1
| #define HAVE_STRING_H 1
| #define HAVE_INTTYPES_H 1
| #define HAVE_STDINT_H 1
| #define HAVE_STRINGS_H 1
| #define HAVE_SYS_STAT_H 1
| #define HAVE_SYS_TYPES_H 1
| #define HAVE_UNISTD_H 1
| #define HAVE_SYS_TIME_H 1
| #define HAVE_SYS_PARAM_H 1
| #define STDC_HEADERS 1
| #define GLIBC_MANDATORY_STRLEN_REDIRECT 1
| #define GLIBC_MANDATORY_INDEX_AND_STRLEN_REDIRECT 1
| #define HAVE_PTRACE_GETREGS 1
| #define HAVE_CLOCK_MONOTONIC 1
| /* end confdefs.h.  */
| #include <elf.h>
| 
| int
| main (void)
| {
| if (sizeof ((Elf32_Chdr)))
| 	    return 0;
|   ;
|   return 0;
| }
configure:8815: result: yes
configure:8824: checking for Elf64_Chdr
configure:8824: gcc -c   conftest.c >&5
configure:8824: $? = 0
configure:8824: gcc -c   conftest.c >&5
conftest.c: In function 'main':
conftest.c:35:25: error: expected expression before ')' token
   35 | if (sizeof ((Elf64_Chdr)))
      |                         ^
configure:8824: $? = 1
configure: failed program was:
| /* confdefs.h */
| #define PACKAGE_NAME "Valgrind"
| #define PACKAGE_TARNAME "valgrind"
| #define PACKAGE_VERSION "3.18.1"
| #define PACKAGE_STRING "Valgrind 3.18.1"
| #define PACKAGE_BUGREPORT "valgrind-users@lists.sourceforge.net"
| #define PACKAGE_URL ""
| #define PACKAGE "valgrind"
| #define VERSION "3.18.1"
| #define GDB_PATH "/usr/bin/gdb"
| #define VG_TMPDIR "/tmp"
| #define HAVE_STDIO_H 1
| #define HAVE_STDLIB_H 1
| #define HAVE_STRING_H 1
| #define HAVE_INTTYPES_H 1
| #define HAVE_STDINT_H 1
| #define HAVE_STRINGS_H 1
| #define HAVE_SYS_STAT_H 1
| #define HAVE_SYS_TYPES_H 1
| #define HAVE_UNISTD_H 1
| #define HAVE_SYS_TIME_H 1
| #define HAVE_SYS_PARAM_H 1
| #define STDC_HEADERS 1
| #define GLIBC_MANDATORY_STRLEN_REDIRECT 1
| #define GLIBC_MANDATORY_INDEX_AND_STRLEN_REDIRECT 1
| #define HAVE_PTRACE_GETREGS 1
| #define HAVE_CLOCK_MONOTONIC 1
| #define HAVE_ELF32_CHDR 1
| /* end confdefs.h.  */
| #include <elf.h>
| 
| int
| main (void)
| {
| if (sizeof ((Elf64_Chdr)))
| 	    return 0;
|   ;
|   return 0;
| }
configure:8824: result: yes
configure:8838: checking for pthread_rwlock_t
configure:8857: gcc -c   conftest.c >&5
configure:8857: $? = 0
configure:8860: result: yes
configure:8877: checking for PTHREAD_MUTEX_ADAPTIVE_NP
configure:8896: gcc -c   conftest.c >&5
configure:8896: $? = 0
configure:8899: result: yes
configure:8916: checking for PTHREAD_MUTEX_ERRORCHECK_NP
configure:8935: gcc -c   conftest.c >&5
configure:8935: $? = 0
configure:8938: result: yes
configure:8955: checking for PTHREAD_MUTEX_RECURSIVE_NP
configure:8974: gcc -c   conftest.c >&5
configure:8974: $? = 0
configure:8977: result: yes
configure:8994: checking for PTHREAD_RECURSIVE_MUTEX_INITIALIZER_NP
configure:9014: gcc -c   conftest.c >&5
configure:9014: $? = 0
configure:9017: result: yes
configure:9034: checking for pthread_mutex_t.__m_kind
configure:9034: gcc -c   conftest.c >&5
conftest.c: In function 'main':
conftest.c:42:12: error: 'pthread_mutex_t' has no member named '__m_kind'
   42 | if (ac_aggr.__m_kind)
      |            ^
configure:9034: $? = 1
configure: failed program was:
| /* confdefs.h */
| #define PACKAGE_NAME "Valgrind"
| #define PACKAGE_TARNAME "valgrind"
| #define PACKAGE_VERSION "3.18.1"
| #define PACKAGE_STRING "Valgrind 3.18.1"
| #define PACKAGE_BUGREPORT "valgrind-users@lists.sourceforge.net"
| #define PACKAGE_URL ""
| #define PACKAGE "valgrind"
| #define VERSION "3.18.1"
| #define GDB_PATH "/usr/bin/gdb"
| #define VG_TMPDIR "/tmp"
| #define HAVE_STDIO_H 1
| #define HAVE_STDLIB_H 1
| #define HAVE_STRING_H 1
| #define HAVE_INTTYPES_H 1
| #define HAVE_STDINT_H 1
| #define HAVE_STRINGS_H 1
| #define HAVE_SYS_STAT_H 1
| #define HAVE_SYS_TYPES_H 1
| #define HAVE_UNISTD_H 1
| #define HAVE_SYS_TIME_H 1
| #define HAVE_SYS_PARAM_H 1
| #define STDC_HEADERS 1
| #define GLIBC_MANDATORY_STRLEN_REDIRECT 1
| #define GLIBC_MANDATORY_INDEX_AND_STRLEN_REDIRECT 1
| #define HAVE_PTRACE_GETREGS 1
| #define HAVE_CLOCK_MONOTONIC 1
| #define HAVE_ELF32_CHDR 1
| #define HAVE_ELF64_CHDR 1
| #define HAVE_PTHREAD_RWLOCK_T 1
| #define HAVE_PTHREAD_MUTEX_ADAPTIVE_NP 1
| #define HAVE_PTHREAD_MUTEX_ERRORCHECK_NP 1
| #define HAVE_PTHREAD_MUTEX_RECURSIVE_NP 1
| #define HAVE_PTHREAD_RECURSIVE_MUTEX_INITIALIZER_NP 1
| /* end confdefs.h.  */
| #include <pthread.h>
| 
| int
| main (void)
| {
| static pthread_mutex_t ac_aggr;
| if (ac_aggr.__m_kind)
| return 0;
|   ;
|   return 0;
| }
configure:9034: gcc -c   conftest.c >&5
conftest.c: In function 'main':
conftest.c:42:19: error: 'pthread_mutex_t' has no member named '__m_kind'
   42 | if (sizeof ac_aggr.__m_kind)
      |                   ^
configure:9034: $? = 1
configure: failed program was:
| /* confdefs.h */
| #define PACKAGE_NAME "Valgrind"
| #define PACKAGE_TARNAME "valgrind"
| #define PACKAGE_VERSION "3.18.1"
| #define PACKAGE_STRING "Valgrind 3.18.1"
| #define PACKAGE_BUGREPORT "valgrind-users@lists.sourceforge.net"
| #define PACKAGE_URL ""
| #define PACKAGE "valgrind"
| #define VERSION "3.18.1"
| #define GDB_PATH "/usr/bin/gdb"
| #define VG_TMPDIR "/tmp"
| #define HAVE_STDIO_H 1
| #define HAVE_STDLIB_H 1
| #define HAVE_STRING_H 1
| #define HAVE_INTTYPES_H 1
| #define HAVE_STDINT_H 1
| #define HAVE_STRINGS_H 1
| #define HAVE_SYS_STAT_H 1
| #define HAVE_SYS_TYPES_H 1
| #define HAVE_UNISTD_H 1
| #define HAVE_SYS_TIME_H 1
| #define HAVE_SYS_PARAM_H 1
| #define STDC_HEADERS 1
| #define GLIBC_MANDATORY_STRLEN_REDIRECT 1
| #define GLIBC_MANDATORY_INDEX_AND_STRLEN_REDIRECT 1
| #define HAVE_PTRACE_GETREGS 1
| #define HAVE_CLOCK_MONOTONIC 1
| #define HAVE_ELF32_CHDR 1
| #define HAVE_ELF64_CHDR 1
| #define HAVE_PTHREAD_RWLOCK_T 1
| #define HAVE_PTHREAD_MUTEX_ADAPTIVE_NP 1
| #define HAVE_PTHREAD_MUTEX_ERRORCHECK_NP 1
| #define HAVE_PTHREAD_MUTEX_RECURSIVE_NP 1
| #define HAVE_PTHREAD_RECURSIVE_MUTEX_INITIALIZER_NP 1
| /* end confdefs.h.  */
| #include <pthread.h>
| 
| int
| main (void)
| {
| static pthread_mutex_t ac_aggr;
| if (sizeof ac_aggr.__m_kind)
| return 0;
|   ;
|   return 0;
| }
configure:9034: result: no
configure:9048: checking for pthread_mutex_t.__data.__kind
configure:9048: gcc -c   conftest.c >&5
configure:9048: $? = 0
configure:9048: result: yes
configure:9071: checking if AT_HWCAP contains the altivec indicator
configure:9080: result: no
configure:9087: checking if AT_HWCAP contains the vsx indicator
configure:9096: result: no
configure:9103: checking if AT_HWCAP contains the dfp indicator
configure:9112: result: no
configure:9119: checking if AT_HWCAP contains the arch_2_05 indicator
configure:9128: result: no
configure:9135: checking if AT_HWCAP contains the arch_2_06 indicator
configure:9144: result: no
configure:9151: checking if AT_HWCAP contains the arch_2_07 indicator
configure:9160: result: no
configure:9167: checking if AT_HWCAP contains the arch_3_00 indicator
configure:9176: result: no
configure:9183: checking if AT_HWCAP contains the arch_3_1 indicator
configure:9192: result: no
configure:9199: checking if AT_HWCAP contains the htm indicator
configure:9208: result: no
configure:9215: checking if AT_HWCAP contains the mma indicator
configure:9224: result: no
configure:9248: checking that assembler knows ISA 2.07 instructions 
configure:9264: gcc -c   conftest.c >&5
conftest.c: Assembler messages:
conftest.c:43: Error: no such instruction: `mtvsrd 1,2'
configure:9264: $? = 1
configure: failed program was:
| /* confdefs.h */
| #define PACKAGE_NAME "Valgrind"
| #define PACKAGE_TARNAME "valgrind"
| #define PACKAGE_VERSION "3.18.1"
| #define PACKAGE_STRING "Valgrind 3.18.1"
| #define PACKAGE_BUGREPORT "valgrind-users@lists.sourceforge.net"
| #define PACKAGE_URL ""
| #define PACKAGE "valgrind"
| #define VERSION "3.18.1"
| #define GDB_PATH "/usr/bin/gdb"
| #define VG_TMPDIR "/tmp"
| #define HAVE_STDIO_H 1
| #define HAVE_STDLIB_H 1
| #define HAVE_STRING_H 1
| #define HAVE_INTTYPES_H 1
| #define HAVE_STDINT_H 1
| #define HAVE_STRINGS_H 1
| #define HAVE_SYS_STAT_H 1
| #define HAVE_SYS_TYPES_H 1
| #define HAVE_UNISTD_H 1
| #define HAVE_SYS_TIME_H 1
| #define HAVE_SYS_PARAM_H 1
| #define STDC_HEADERS 1
| #define GLIBC_MANDATORY_STRLEN_REDIRECT 1
| #define GLIBC_MANDATORY_INDEX_AND_STRLEN_REDIRECT 1
| #define HAVE_PTRACE_GETREGS 1
| #define HAVE_CLOCK_MONOTONIC 1
| #define HAVE_ELF32_CHDR 1
| #define HAVE_ELF64_CHDR 1
| #define HAVE_PTHREAD_RWLOCK_T 1
| #define HAVE_PTHREAD_MUTEX_ADAPTIVE_NP 1
| #define HAVE_PTHREAD_MUTEX_ERRORCHECK_NP 1
| #define HAVE_PTHREAD_MUTEX_RECURSIVE_NP 1
| #define HAVE_PTHREAD_RECURSIVE_MUTEX_INITIALIZER_NP 1
| #define HAVE_PTHREAD_MUTEX_T__DATA__KIND 1
| /* end confdefs.h.  */
| 
| 
| int
| main (void)
| {
| 
|   __asm__ __volatile__("mtvsrd 1,2 ");
| 
|   ;
|   return 0;
| }
configure:9274: result: no
configure:9292: checking for Altivec support in the compiler 
configure:9311: gcc -c -maltivec -Werror  conftest.c >&5
gcc: error: unrecognized command-line option '-maltivec'
configure:9311: $? = 1
configure: failed program was:
| /* confdefs.h */
| #define PACKAGE_NAME "Valgrind"
| #define PACKAGE_TARNAME "valgrind"
| #define PACKAGE_VERSION "3.18.1"
| #define PACKAGE_STRING "Valgrind 3.18.1"
| #define PACKAGE_BUGREPORT "valgrind-users@lists.sourceforge.net"
| #define PACKAGE_URL ""
| #define PACKAGE "valgrind"
| #define VERSION "3.18.1"
| #define GDB_PATH "/usr/bin/gdb"
| #define VG_TMPDIR "/tmp"
| #define HAVE_STDIO_H 1
| #define HAVE_STDLIB_H 1
| #define HAVE_STRING_H 1
| #define HAVE_INTTYPES_H 1
| #define HAVE_STDINT_H 1
| #define HAVE_STRINGS_H 1
| #define HAVE_SYS_STAT_H 1
| #define HAVE_SYS_TYPES_H 1
| #define HAVE_UNISTD_H 1
| #define HAVE_SYS_TIME_H 1
| #define HAVE_SYS_PARAM_H 1
| #define STDC_HEADERS 1
| #define GLIBC_MANDATORY_STRLEN_REDIRECT 1
| #define GLIBC_MANDATORY_INDEX_AND_STRLEN_REDIRECT 1
| #define HAVE_PTRACE_GETREGS 1
| #define HAVE_CLOCK_MONOTONIC 1
| #define HAVE_ELF32_CHDR 1
| #define HAVE_ELF64_CHDR 1
| #define HAVE_PTHREAD_RWLOCK_T 1
| #define HAVE_PTHREAD_MUTEX_ADAPTIVE_NP 1
| #define HAVE_PTHREAD_MUTEX_ERRORCHECK_NP 1
| #define HAVE_PTHREAD_MUTEX_RECURSIVE_NP 1
| #define HAVE_PTHREAD_RECURSIVE_MUTEX_INITIALIZER_NP 1
| #define HAVE_PTHREAD_MUTEX_T__DATA__KIND 1
| /* end confdefs.h.  */
| 
| #include <altivec.h>
| 
| int
| main (void)
| {
| 
|   vector unsigned int v;
| 
|   ;
|   return 0;
| }
configure:9321: result: no
configure:9340: checking for VSX compiler flag support
configure:9357: gcc -c -mvsx -Werror  conftest.c >&5
gcc: error: unrecognized command-line option '-mvsx'
configure:9357: $? = 1
configure: failed program was:
| /* confdefs.h */
| #define PACKAGE_NAME "Valgrind"
| #define PACKAGE_TARNAME "valgrind"
| #define PACKAGE_VERSION "3.18.1"
| #define PACKAGE_STRING "Valgrind 3.18.1"
| #define PACKAGE_BUGREPORT "valgrind-users@lists.sourceforge.net"
| #define PACKAGE_URL ""
| #define PACKAGE "valgrind"
| #define VERSION "3.18.1"
| #define GDB_PATH "/usr/bin/gdb"
| #define VG_TMPDIR "/tmp"
| #define HAVE_STDIO_H 1
| #define HAVE_STDLIB_H 1
| #define HAVE_STRING_H 1
| #define HAVE_INTTYPES_H 1
| #define HAVE_STDINT_H 1
| #define HAVE_STRINGS_H 1
| #define HAVE_SYS_STAT_H 1
| #define HAVE_SYS_TYPES_H 1
| #define HAVE_UNISTD_H 1
| #define HAVE_SYS_TIME_H 1
| #define HAVE_SYS_PARAM_H 1
| #define STDC_HEADERS 1
| #define GLIBC_MANDATORY_STRLEN_REDIRECT 1
| #define GLIBC_MANDATORY_INDEX_AND_STRLEN_REDIRECT 1
| #define HAVE_PTRACE_GETREGS 1
| #define HAVE_CLOCK_MONOTONIC 1
| #define HAVE_ELF32_CHDR 1
| #define HAVE_ELF64_CHDR 1
| #define HAVE_PTHREAD_RWLOCK_T 1
| #define HAVE_PTHREAD_MUTEX_ADAPTIVE_NP 1
| #define HAVE_PTHREAD_MUTEX_ERRORCHECK_NP 1
| #define HAVE_PTHREAD_MUTEX_RECURSIVE_NP 1
| #define HAVE_PTHREAD_RECURSIVE_MUTEX_INITIALIZER_NP 1
| #define HAVE_PTHREAD_MUTEX_T__DATA__KIND 1
| /* end confdefs.h.  */
| 
| 
| int
| main (void)
| {
| 
| 
|   ;
|   return 0;
| }
configure:9367: result: no
configure:9374: checking for VSX support in the assembler 
configure:9394: gcc -c -mvsx -Werror  conftest.c >&5
gcc: error: unrecognized command-line option '-mvsx'
configure:9394: $? = 1
configure: failed program was:
| /* confdefs.h */
| #define PACKAGE_NAME "Valgrind"
| #define PACKAGE_TARNAME "valgrind"
| #define PACKAGE_VERSION "3.18.1"
| #define PACKAGE_STRING "Valgrind 3.18.1"
| #define PACKAGE_BUGREPORT "valgrind-users@lists.sourceforge.net"
| #define PACKAGE_URL ""
| #define PACKAGE "valgrind"
| #define VERSION "3.18.1"
| #define GDB_PATH "/usr/bin/gdb"
| #define VG_TMPDIR "/tmp"
| #define HAVE_STDIO_H 1
| #define HAVE_STDLIB_H 1
| #define HAVE_STRING_H 1
| #define HAVE_INTTYPES_H 1
| #define HAVE_STDINT_H 1
| #define HAVE_STRINGS_H 1
| #define HAVE_SYS_STAT_H 1
| #define HAVE_SYS_TYPES_H 1
| #define HAVE_UNISTD_H 1
| #define HAVE_SYS_TIME_H 1
| #define HAVE_SYS_PARAM_H 1
| #define STDC_HEADERS 1
| #define GLIBC_MANDATORY_STRLEN_REDIRECT 1
| #define GLIBC_MANDATORY_INDEX_AND_STRLEN_REDIRECT 1
| #define HAVE_PTRACE_GETREGS 1
| #define HAVE_CLOCK_MONOTONIC 1
| #define HAVE_ELF32_CHDR 1
| #define HAVE_ELF64_CHDR 1
| #define HAVE_PTHREAD_RWLOCK_T 1
| #define HAVE_PTHREAD_MUTEX_ADAPTIVE_NP 1
| #define HAVE_PTHREAD_MUTEX_ERRORCHECK_NP 1
| #define HAVE_PTHREAD_MUTEX_RECURSIVE_NP 1
| #define HAVE_PTHREAD_RECURSIVE_MUTEX_INITIALIZER_NP 1
| #define HAVE_PTHREAD_MUTEX_T__DATA__KIND 1
| /* end confdefs.h.  */
| 
| #include <altivec.h>
| 
| int
| main (void)
| {
| 
|   vector unsigned int v;
|   __asm__ __volatile__("xsmaddadp 32, 32, 33" ::: "memory","cc");
| 
|   ;
|   return 0;
| }
configure:9404: result: no
configure:9424: checking that assembler knows DFP
configure:9446: gcc -c   conftest.c >&5
conftest.c: Assembler messages:
conftest.c:46: Error: unknown pseudo-op: `.machine'
conftest.c:47: Error: no such instruction: `dadd 1,2,3'
conftest.c:48: Error: no such instruction: `dcffix 1,2'
configure:9446: $? = 1
configure: failed program was:
| /* confdefs.h */
| #define PACKAGE_NAME "Valgrind"
| #define PACKAGE_TARNAME "valgrind"
| #define PACKAGE_VERSION "3.18.1"
| #define PACKAGE_STRING "Valgrind 3.18.1"
| #define PACKAGE_BUGREPORT "valgrind-users@lists.sourceforge.net"
| #define PACKAGE_URL ""
| #define PACKAGE "valgrind"
| #define VERSION "3.18.1"
| #define GDB_PATH "/usr/bin/gdb"
| #define VG_TMPDIR "/tmp"
| #define HAVE_STDIO_H 1
| #define HAVE_STDLIB_H 1
| #define HAVE_STRING_H 1
| #define HAVE_INTTYPES_H 1
| #define HAVE_STDINT_H 1
| #define HAVE_STRINGS_H 1
| #define HAVE_SYS_STAT_H 1
| #define HAVE_SYS_TYPES_H 1
| #define HAVE_UNISTD_H 1
| #define HAVE_SYS_TIME_H 1
| #define HAVE_SYS_PARAM_H 1
| #define STDC_HEADERS 1
| #define GLIBC_MANDATORY_STRLEN_REDIRECT 1
| #define GLIBC_MANDATORY_INDEX_AND_STRLEN_REDIRECT 1
| #define HAVE_PTRACE_GETREGS 1
| #define HAVE_CLOCK_MONOTONIC 1
| #define HAVE_ELF32_CHDR 1
| #define HAVE_ELF64_CHDR 1
| #define HAVE_PTHREAD_RWLOCK_T 1
| #define HAVE_PTHREAD_MUTEX_ADAPTIVE_NP 1
| #define HAVE_PTHREAD_MUTEX_ERRORCHECK_NP 1
| #define HAVE_PTHREAD_MUTEX_RECURSIVE_NP 1
| #define HAVE_PTHREAD_RECURSIVE_MUTEX_INITIALIZER_NP 1
| #define HAVE_PTHREAD_MUTEX_T__DATA__KIND 1
| /* end confdefs.h.  */
| 
| 
| int
| main (void)
| {
| 
|   #ifdef __s390__
|   __asm__ __volatile__("adtr 1, 2, 3")
|   #else
| __asm__ __volatile__(".machine power7;\n"   "dadd 1, 2, 3;\n"   "dcffix 1, 2");
|   #endif
| 
|   ;
|   return 0;
| }
configure:9456: result: no
configure:9461: checking that compiler knows -mhard-dfp switch
configure:9487: gcc -c -mhard-dfp -Werror  conftest.c >&5
gcc: error: unrecognized command-line option '-mhard-dfp'
configure:9487: $? = 1
configure: failed program was:
| /* confdefs.h */
| #define PACKAGE_NAME "Valgrind"
| #define PACKAGE_TARNAME "valgrind"
| #define PACKAGE_VERSION "3.18.1"
| #define PACKAGE_STRING "Valgrind 3.18.1"
| #define PACKAGE_BUGREPORT "valgrind-users@lists.sourceforge.net"
| #define PACKAGE_URL ""
| #define PACKAGE "valgrind"
| #define VERSION "3.18.1"
| #define GDB_PATH "/usr/bin/gdb"
| #define VG_TMPDIR "/tmp"
| #define HAVE_STDIO_H 1
| #define HAVE_STDLIB_H 1
| #define HAVE_STRING_H 1
| #define HAVE_INTTYPES_H 1
| #define HAVE_STDINT_H 1
| #define HAVE_STRINGS_H 1
| #define HAVE_SYS_STAT_H 1
| #define HAVE_SYS_TYPES_H 1
| #define HAVE_UNISTD_H 1
| #define HAVE_SYS_TIME_H 1
| #define HAVE_SYS_PARAM_H 1
| #define STDC_HEADERS 1
| #define GLIBC_MANDATORY_STRLEN_REDIRECT 1
| #define GLIBC_MANDATORY_INDEX_AND_STRLEN_REDIRECT 1
| #define HAVE_PTRACE_GETREGS 1
| #define HAVE_CLOCK_MONOTONIC 1
| #define HAVE_ELF32_CHDR 1
| #define HAVE_ELF64_CHDR 1
| #define HAVE_PTHREAD_RWLOCK_T 1
| #define HAVE_PTHREAD_MUTEX_ADAPTIVE_NP 1
| #define HAVE_PTHREAD_MUTEX_ERRORCHECK_NP 1
| #define HAVE_PTHREAD_MUTEX_RECURSIVE_NP 1
| #define HAVE_PTHREAD_RECURSIVE_MUTEX_INITIALIZER_NP 1
| #define HAVE_PTHREAD_MUTEX_T__DATA__KIND 1
| /* end confdefs.h.  */
| 
| 
| int
| main (void)
| {
| 
|   #ifdef __s390__
|   __asm__ __volatile__("adtr 1, 2, 3")
|   #else
|   __asm__ __volatile__(".machine power7;\n"   "dadd 1, 2, 3;\n"   "dcffix 1, 2");
|   #endif
| 
|   ;
|   return 0;
| }
configure:9497: result: no
configure:9514: checking that compiler knows DFP datatypes
configure:9530: gcc -c   conftest.c >&5
configure:9530: $? = 0
configure:9534: result: yes
configure:9557: checking if compiler accepts the -mhtm flag
configure:9575: gcc -c -mhtm -Werror  conftest.c >&5
gcc: error: unrecognized command-line option '-mhtm'; did you mean '-mrtm'?
configure:9575: $? = 1
configure: failed program was:
| /* confdefs.h */
| #define PACKAGE_NAME "Valgrind"
| #define PACKAGE_TARNAME "valgrind"
| #define PACKAGE_VERSION "3.18.1"
| #define PACKAGE_STRING "Valgrind 3.18.1"
| #define PACKAGE_BUGREPORT "valgrind-users@lists.sourceforge.net"
| #define PACKAGE_URL ""
| #define PACKAGE "valgrind"
| #define VERSION "3.18.1"
| #define GDB_PATH "/usr/bin/gdb"
| #define VG_TMPDIR "/tmp"
| #define HAVE_STDIO_H 1
| #define HAVE_STDLIB_H 1
| #define HAVE_STRING_H 1
| #define HAVE_INTTYPES_H 1
| #define HAVE_STDINT_H 1
| #define HAVE_STRINGS_H 1
| #define HAVE_SYS_STAT_H 1
| #define HAVE_SYS_TYPES_H 1
| #define HAVE_UNISTD_H 1
| #define HAVE_SYS_TIME_H 1
| #define HAVE_SYS_PARAM_H 1
| #define STDC_HEADERS 1
| #define GLIBC_MANDATORY_STRLEN_REDIRECT 1
| #define GLIBC_MANDATORY_INDEX_AND_STRLEN_REDIRECT 1
| #define HAVE_PTRACE_GETREGS 1
| #define HAVE_CLOCK_MONOTONIC 1
| #define HAVE_ELF32_CHDR 1
| #define HAVE_ELF64_CHDR 1
| #define HAVE_PTHREAD_RWLOCK_T 1
| #define HAVE_PTHREAD_MUTEX_ADAPTIVE_NP 1
| #define HAVE_PTHREAD_MUTEX_ERRORCHECK_NP 1
| #define HAVE_PTHREAD_MUTEX_RECURSIVE_NP 1
| #define HAVE_PTHREAD_RECURSIVE_MUTEX_INITIALIZER_NP 1
| #define HAVE_PTHREAD_MUTEX_T__DATA__KIND 1
| /* end confdefs.h.  */
| 
| 
| int
| main (void)
| {
| 
|   return 0;
| 
|   ;
|   return 0;
| }
configure:9584: result: no
configure:9592: checking if compiler can find the htm builtins
configure:9611: gcc -c -mhtm -Werror  conftest.c >&5
gcc: error: unrecognized command-line option '-mhtm'; did you mean '-mrtm'?
configure:9611: $? = 1
configure: failed program was:
| /* confdefs.h */
| #define PACKAGE_NAME "Valgrind"
| #define PACKAGE_TARNAME "valgrind"
| #define PACKAGE_VERSION "3.18.1"
| #define PACKAGE_STRING "Valgrind 3.18.1"
| #define PACKAGE_BUGREPORT "valgrind-users@lists.sourceforge.net"
| #define PACKAGE_URL ""
| #define PACKAGE "valgrind"
| #define VERSION "3.18.1"
| #define GDB_PATH "/usr/bin/gdb"
| #define VG_TMPDIR "/tmp"
| #define HAVE_STDIO_H 1
| #define HAVE_STDLIB_H 1
| #define HAVE_STRING_H 1
| #define HAVE_INTTYPES_H 1
| #define HAVE_STDINT_H 1
| #define HAVE_STRINGS_H 1
| #define HAVE_SYS_STAT_H 1
| #define HAVE_SYS_TYPES_H 1
| #define HAVE_UNISTD_H 1
| #define HAVE_SYS_TIME_H 1
| #define HAVE_SYS_PARAM_H 1
| #define STDC_HEADERS 1
| #define GLIBC_MANDATORY_STRLEN_REDIRECT 1
| #define GLIBC_MANDATORY_INDEX_AND_STRLEN_REDIRECT 1
| #define HAVE_PTRACE_GETREGS 1
| #define HAVE_CLOCK_MONOTONIC 1
| #define HAVE_ELF32_CHDR 1
| #define HAVE_ELF64_CHDR 1
| #define HAVE_PTHREAD_RWLOCK_T 1
| #define HAVE_PTHREAD_MUTEX_ADAPTIVE_NP 1
| #define HAVE_PTHREAD_MUTEX_ERRORCHECK_NP 1
| #define HAVE_PTHREAD_MUTEX_RECURSIVE_NP 1
| #define HAVE_PTHREAD_RECURSIVE_MUTEX_INITIALIZER_NP 1
| #define HAVE_PTHREAD_MUTEX_T__DATA__KIND 1
| /* end confdefs.h.  */
| 
| 
| int
| main (void)
| {
| 
|    if (__builtin_tbegin (0))
|       __builtin_tend (0);
| 
|   ;
|   return 0;
| }
configure:9620: result: no
configure:9640: checking that assembler knows ISA 3.00 
configure:9658: gcc -c   conftest.c >&5
conftest.c: Assembler messages:
conftest.c:43: Error: unknown pseudo-op: `.machine'
conftest.c:44: Error: no such instruction: `cnttzw 1,3'
configure:9658: $? = 1
configure: failed program was:
| /* confdefs.h */
| #define PACKAGE_NAME "Valgrind"
| #define PACKAGE_TARNAME "valgrind"
| #define PACKAGE_VERSION "3.18.1"
| #define PACKAGE_STRING "Valgrind 3.18.1"
| #define PACKAGE_BUGREPORT "valgrind-users@lists.sourceforge.net"
| #define PACKAGE_URL ""
| #define PACKAGE "valgrind"
| #define VERSION "3.18.1"
| #define GDB_PATH "/usr/bin/gdb"
| #define VG_TMPDIR "/tmp"
| #define HAVE_STDIO_H 1
| #define HAVE_STDLIB_H 1
| #define HAVE_STRING_H 1
| #define HAVE_INTTYPES_H 1
| #define HAVE_STDINT_H 1
| #define HAVE_STRINGS_H 1
| #define HAVE_SYS_STAT_H 1
| #define HAVE_SYS_TYPES_H 1
| #define HAVE_UNISTD_H 1
| #define HAVE_SYS_TIME_H 1
| #define HAVE_SYS_PARAM_H 1
| #define STDC_HEADERS 1
| #define GLIBC_MANDATORY_STRLEN_REDIRECT 1
| #define GLIBC_MANDATORY_INDEX_AND_STRLEN_REDIRECT 1
| #define HAVE_PTRACE_GETREGS 1
| #define HAVE_CLOCK_MONOTONIC 1
| #define HAVE_ELF32_CHDR 1
| #define HAVE_ELF64_CHDR 1
| #define HAVE_PTHREAD_RWLOCK_T 1
| #define HAVE_PTHREAD_MUTEX_ADAPTIVE_NP 1
| #define HAVE_PTHREAD_MUTEX_ERRORCHECK_NP 1
| #define HAVE_PTHREAD_MUTEX_RECURSIVE_NP 1
| #define HAVE_PTHREAD_RECURSIVE_MUTEX_INITIALIZER_NP 1
| #define HAVE_PTHREAD_MUTEX_T__DATA__KIND 1
| /* end confdefs.h.  */
| 
| 
| int
| main (void)
| {
| 
| __asm__ __volatile__ (".machine power9;\n" 	"cnttzw   1,3; \n" );
| 
|   ;
|   return 0;
| }
configure:9672: result: no
configure:9680: checking that assembler knows xscvhpdp 
configure:9698: gcc -c   conftest.c >&5
conftest.c: Assembler messages:
conftest.c:43: Error: unknown pseudo-op: `.machine'
conftest.c:44: Error: no such instruction: `xscvhpdp 1,2'
configure:9698: $? = 1
configure: failed program was:
| /* confdefs.h */
| #define PACKAGE_NAME "Valgrind"
| #define PACKAGE_TARNAME "valgrind"
| #define PACKAGE_VERSION "3.18.1"
| #define PACKAGE_STRING "Valgrind 3.18.1"
| #define PACKAGE_BUGREPORT "valgrind-users@lists.sourceforge.net"
| #define PACKAGE_URL ""
| #define PACKAGE "valgrind"
| #define VERSION "3.18.1"
| #define GDB_PATH "/usr/bin/gdb"
| #define VG_TMPDIR "/tmp"
| #define HAVE_STDIO_H 1
| #define HAVE_STDLIB_H 1
| #define HAVE_STRING_H 1
| #define HAVE_INTTYPES_H 1
| #define HAVE_STDINT_H 1
| #define HAVE_STRINGS_H 1
| #define HAVE_SYS_STAT_H 1
| #define HAVE_SYS_TYPES_H 1
| #define HAVE_UNISTD_H 1
| #define HAVE_SYS_TIME_H 1
| #define HAVE_SYS_PARAM_H 1
| #define STDC_HEADERS 1
| #define GLIBC_MANDATORY_STRLEN_REDIRECT 1
| #define GLIBC_MANDATORY_INDEX_AND_STRLEN_REDIRECT 1
| #define HAVE_PTRACE_GETREGS 1
| #define HAVE_CLOCK_MONOTONIC 1
| #define HAVE_ELF32_CHDR 1
| #define HAVE_ELF64_CHDR 1
| #define HAVE_PTHREAD_RWLOCK_T 1
| #define HAVE_PTHREAD_MUTEX_ADAPTIVE_NP 1
| #define HAVE_PTHREAD_MUTEX_ERRORCHECK_NP 1
| #define HAVE_PTHREAD_MUTEX_RECURSIVE_NP 1
| #define HAVE_PTHREAD_RECURSIVE_MUTEX_INITIALIZER_NP 1
| #define HAVE_PTHREAD_MUTEX_T__DATA__KIND 1
| /* end confdefs.h.  */
| 
| 
| int
| main (void)
| {
| 
| __asm__ __volatile__ (".machine power9;\n" 	"xscvhpdp 1,2;\n" );
| 
|   ;
|   return 0;
| }
configure:9708: result: no
configure:9715: checking that assembler knows darn instruction 
configure:9732: gcc -c   conftest.c >&5
conftest.c: Assembler messages:
conftest.c:43: Error: unknown pseudo-op: `.machine'
conftest.c:43: Error: no such instruction: `darn 1,0'
configure:9732: $? = 1
configure: failed program was:
| /* confdefs.h */
| #define PACKAGE_NAME "Valgrind"
| #define PACKAGE_TARNAME "valgrind"
| #define PACKAGE_VERSION "3.18.1"
| #define PACKAGE_STRING "Valgrind 3.18.1"
| #define PACKAGE_BUGREPORT "valgrind-users@lists.sourceforge.net"
| #define PACKAGE_URL ""
| #define PACKAGE "valgrind"
| #define VERSION "3.18.1"
| #define GDB_PATH "/usr/bin/gdb"
| #define VG_TMPDIR "/tmp"
| #define HAVE_STDIO_H 1
| #define HAVE_STDLIB_H 1
| #define HAVE_STRING_H 1
| #define HAVE_INTTYPES_H 1
| #define HAVE_STDINT_H 1
| #define HAVE_STRINGS_H 1
| #define HAVE_SYS_STAT_H 1
| #define HAVE_SYS_TYPES_H 1
| #define HAVE_UNISTD_H 1
| #define HAVE_SYS_TIME_H 1
| #define HAVE_SYS_PARAM_H 1
| #define STDC_HEADERS 1
| #define GLIBC_MANDATORY_STRLEN_REDIRECT 1
| #define GLIBC_MANDATORY_INDEX_AND_STRLEN_REDIRECT 1
| #define HAVE_PTRACE_GETREGS 1
| #define HAVE_CLOCK_MONOTONIC 1
| #define HAVE_ELF32_CHDR 1
| #define HAVE_ELF64_CHDR 1
| #define HAVE_PTHREAD_RWLOCK_T 1
| #define HAVE_PTHREAD_MUTEX_ADAPTIVE_NP 1
| #define HAVE_PTHREAD_MUTEX_ERRORCHECK_NP 1
| #define HAVE_PTHREAD_MUTEX_RECURSIVE_NP 1
| #define HAVE_PTHREAD_RECURSIVE_MUTEX_INITIALIZER_NP 1
| #define HAVE_PTHREAD_MUTEX_T__DATA__KIND 1
| /* end confdefs.h.  */
| 
| 
| int
| main (void)
| {
| 
|   __asm__ __volatile__(".machine power9; darn 1,0 ");
| 
|   ;
|   return 0;
| }
configure:9742: result: no
configure:9749: checking that assembler knows ISA 3.1 
configure:9766: gcc -c   conftest.c >&5
conftest.c: Assembler messages:
conftest.c:43: Error: unknown pseudo-op: `.machine'
conftest.c:44: Error: no such instruction: `brh 1,2'
configure:9766: $? = 1
configure: failed program was:
| /* confdefs.h */
| #define PACKAGE_NAME "Valgrind"
| #define PACKAGE_TARNAME "valgrind"
| #define PACKAGE_VERSION "3.18.1"
| #define PACKAGE_STRING "Valgrind 3.18.1"
| #define PACKAGE_BUGREPORT "valgrind-users@lists.sourceforge.net"
| #define PACKAGE_URL ""
| #define PACKAGE "valgrind"
| #define VERSION "3.18.1"
| #define GDB_PATH "/usr/bin/gdb"
| #define VG_TMPDIR "/tmp"
| #define HAVE_STDIO_H 1
| #define HAVE_STDLIB_H 1
| #define HAVE_STRING_H 1
| #define HAVE_INTTYPES_H 1
| #define HAVE_STDINT_H 1
| #define HAVE_STRINGS_H 1
| #define HAVE_SYS_STAT_H 1
| #define HAVE_SYS_TYPES_H 1
| #define HAVE_UNISTD_H 1
| #define HAVE_SYS_TIME_H 1
| #define HAVE_SYS_PARAM_H 1
| #define STDC_HEADERS 1
| #define GLIBC_MANDATORY_STRLEN_REDIRECT 1
| #define GLIBC_MANDATORY_INDEX_AND_STRLEN_REDIRECT 1
| #define HAVE_PTRACE_GETREGS 1
| #define HAVE_CLOCK_MONOTONIC 1
| #define HAVE_ELF32_CHDR 1
| #define HAVE_ELF64_CHDR 1
| #define HAVE_PTHREAD_RWLOCK_T 1
| #define HAVE_PTHREAD_MUTEX_ADAPTIVE_NP 1
| #define HAVE_PTHREAD_MUTEX_ERRORCHECK_NP 1
| #define HAVE_PTHREAD_MUTEX_RECURSIVE_NP 1
| #define HAVE_PTHREAD_RECURSIVE_MUTEX_INITIALIZER_NP 1
| #define HAVE_PTHREAD_MUTEX_T__DATA__KIND 1
| /* end confdefs.h.  */
| 
| 
| int
| main (void)
| {
| 
| __asm__ __volatile__ (".machine power10;\n" 	"brh 1,2;\n ");
| 
|   ;
|   return 0;
| }
configure:9776: result: no
configure:9821: checking for pthread_create@GLIBC2.0()
configure:9852: gcc -o conftest -lpthread -Werror   conftest.c  >&5
/usr/bin/ld: /tmp/ccHvbQ6G.o: in function `main':
conftest.c:(.text+0x1d): undefined reference to `pthread_create@GLIBC_2.0'
collect2: error: ld returned 1 exit status
configure:9852: $? = 1
configure: failed program was:
| /* confdefs.h */
| #define PACKAGE_NAME "Valgrind"
| #define PACKAGE_TARNAME "valgrind"
| #define PACKAGE_VERSION "3.18.1"
| #define PACKAGE_STRING "Valgrind 3.18.1"
| #define PACKAGE_BUGREPORT "valgrind-users@lists.sourceforge.net"
| #define PACKAGE_URL ""
| #define PACKAGE "valgrind"
| #define VERSION "3.18.1"
| #define GDB_PATH "/usr/bin/gdb"
| #define VG_TMPDIR "/tmp"
| #define HAVE_STDIO_H 1
| #define HAVE_STDLIB_H 1
| #define HAVE_STRING_H 1
| #define HAVE_INTTYPES_H 1
| #define HAVE_STDINT_H 1
| #define HAVE_STRINGS_H 1
| #define HAVE_SYS_STAT_H 1
| #define HAVE_SYS_TYPES_H 1
| #define HAVE_UNISTD_H 1
| #define HAVE_SYS_TIME_H 1
| #define HAVE_SYS_PARAM_H 1
| #define STDC_HEADERS 1
| #define GLIBC_MANDATORY_STRLEN_REDIRECT 1
| #define GLIBC_MANDATORY_INDEX_AND_STRLEN_REDIRECT 1
| #define HAVE_PTRACE_GETREGS 1
| #define HAVE_CLOCK_MONOTONIC 1
| #define HAVE_ELF32_CHDR 1
| #define HAVE_ELF64_CHDR 1
| #define HAVE_PTHREAD_RWLOCK_T 1
| #define HAVE_PTHREAD_MUTEX_ADAPTIVE_NP 1
| #define HAVE_PTHREAD_MUTEX_ERRORCHECK_NP 1
| #define HAVE_PTHREAD_MUTEX_RECURSIVE_NP 1
| #define HAVE_PTHREAD_RECURSIVE_MUTEX_INITIALIZER_NP 1
| #define HAVE_PTHREAD_MUTEX_T__DATA__KIND 1
| /* end confdefs.h.  */
| 
| extern int pthread_create_glibc_2_0(void*, const void*,
|                                     void *(*)(void*), void*);
| __asm__(".symver pthread_create_glibc_2_0, pthread_create@GLIBC_2.0");
| 
| int
| main (void)
| {
| 
| #ifdef __powerpc__
| /*
|  * Apparently on PowerPC linking this program succeeds and generates an
|  * executable with the undefined symbol pthread_create@GLIBC_2.0.
|  */
| #error This test does not work properly on PowerPC.
| #else
|   pthread_create_glibc_2_0(0, 0, 0, 0);
| #endif
|   return 0;
| 
|   ;
|   return 0;
| }
configure:9865: result: no
configure:9884: checking for dlinfo RTLD_DI_TLS_MODID
configure:9911: gcc -o conftest    conftest.c -ldl >&5
configure:9911: $? = 0
configure:9915: result: yes
configure:9943: checking for eventfd()
configure:9966: gcc -o conftest    conftest.c  >&5
configure:9966: $? = 0
configure:9969: result: yes
configure:9991: checking that C++ compiler can include <thread> header file
configure:10009: g++ -c -std=c++0x  conftest.cpp >&5
configure:10009: $? = 0
configure:10013: result: yes
configure:10046: checking for struct user_regs_struct
configure:10046: gcc -c   conftest.c >&5
configure:10046: $? = 0
configure:10046: gcc -c   conftest.c >&5
conftest.c: In function 'main':
conftest.c:47:38: error: expected expression before ')' token
   47 | if (sizeof ((struct user_regs_struct)))
      |                                      ^
configure:10046: $? = 1
configure: failed program was:
| /* confdefs.h */
| #define PACKAGE_NAME "Valgrind"
| #define PACKAGE_TARNAME "valgrind"
| #define PACKAGE_VERSION "3.18.1"
| #define PACKAGE_STRING "Valgrind 3.18.1"
| #define PACKAGE_BUGREPORT "valgrind-users@lists.sourceforge.net"
| #define PACKAGE_URL ""
| #define PACKAGE "valgrind"
| #define VERSION "3.18.1"
| #define GDB_PATH "/usr/bin/gdb"
| #define VG_TMPDIR "/tmp"
| #define HAVE_STDIO_H 1
| #define HAVE_STDLIB_H 1
| #define HAVE_STRING_H 1
| #define HAVE_INTTYPES_H 1
| #define HAVE_STDINT_H 1
| #define HAVE_STRINGS_H 1
| #define HAVE_SYS_STAT_H 1
| #define HAVE_SYS_TYPES_H 1
| #define HAVE_UNISTD_H 1
| #define HAVE_SYS_TIME_H 1
| #define HAVE_SYS_PARAM_H 1
| #define STDC_HEADERS 1
| #define GLIBC_MANDATORY_STRLEN_REDIRECT 1
| #define GLIBC_MANDATORY_INDEX_AND_STRLEN_REDIRECT 1
| #define HAVE_PTRACE_GETREGS 1
| #define HAVE_CLOCK_MONOTONIC 1
| #define HAVE_ELF32_CHDR 1
| #define HAVE_ELF64_CHDR 1
| #define HAVE_PTHREAD_RWLOCK_T 1
| #define HAVE_PTHREAD_MUTEX_ADAPTIVE_NP 1
| #define HAVE_PTHREAD_MUTEX_ERRORCHECK_NP 1
| #define HAVE_PTHREAD_MUTEX_RECURSIVE_NP 1
| #define HAVE_PTHREAD_RECURSIVE_MUTEX_INITIALIZER_NP 1
| #define HAVE_PTHREAD_MUTEX_T__DATA__KIND 1
| #define HAVE_DLINFO_RTLD_DI_TLS_MODID 1
| #define HAVE_EVENTFD 1
| #define HAVE_EVENTFD_READ 1
| /* end confdefs.h.  */
| #include <sys/ptrace.h>
|                #include <sys/time.h>
|                #include <sys/user.h>
| 
| int
| main (void)
| {
| if (sizeof ((struct user_regs_struct)))
| 	    return 0;
|   ;
|   return 0;
| }
configure:10046: result: yes
configure:10063: checking for __NR_membarrier
configure:10080: gcc -c   conftest.c >&5
configure:10080: $? = 0
configure:10084: result: yes
configure:10197: checking if gcc accepts -m32
configure:10216: gcc -c  -m32 -Werror  conftest.c >&5
configure:10216: $? = 0
configure:10220: result: yes
configure:10237: checking if gcc accepts -m64
configure:10256: gcc -c -m64 -Werror  conftest.c >&5
configure:10256: $? = 0
configure:10260: result: yes
configure:10281: checking if gcc accepts -march=octeon
configure:10300: gcc -c  -m64 -march=octeon -Werror  conftest.c >&5
cc1: error: bad value ('octeon') for '-march=' switch
cc1: note: valid arguments to '-march=' switch are: nocona core2 nehalem corei7 westmere sandybridge corei7-avx ivybridge core-avx-i haswell core-avx2 broadwell skylake skylake-avx512 cannonlake icelake-client rocketlake icelake-server cascadelake tigerlake cooperlake sapphirerapids alderlake bonnell atom silvermont slm goldmont goldmont-plus tremont knl knm x86-64 x86-64-v2 x86-64-v3 x86-64-v4 eden-x2 nano nano-1000 nano-2000 nano-3000 nano-x2 eden-x4 nano-x4 k8 k8-sse3 opteron opteron-sse3 athlon64 athlon64-sse3 athlon-fx amdfam10 barcelona bdver1 bdver2 bdver3 bdver4 znver1 znver2 znver3 btver1 btver2 native; did you mean 'opteron'?
configure:10300: $? = 1
configure: failed program was:
| /* confdefs.h */
| #define PACKAGE_NAME "Valgrind"
| #define PACKAGE_TARNAME "valgrind"
| #define PACKAGE_VERSION "3.18.1"
| #define PACKAGE_STRING "Valgrind 3.18.1"
| #define PACKAGE_BUGREPORT "valgrind-users@lists.sourceforge.net"
| #define PACKAGE_URL ""
| #define PACKAGE "valgrind"
| #define VERSION "3.18.1"
| #define GDB_PATH "/usr/bin/gdb"
| #define VG_TMPDIR "/tmp"
| #define HAVE_STDIO_H 1
| #define HAVE_STDLIB_H 1
| #define HAVE_STRING_H 1
| #define HAVE_INTTYPES_H 1
| #define HAVE_STDINT_H 1
| #define HAVE_STRINGS_H 1
| #define HAVE_SYS_STAT_H 1
| #define HAVE_SYS_TYPES_H 1
| #define HAVE_UNISTD_H 1
| #define HAVE_SYS_TIME_H 1
| #define HAVE_SYS_PARAM_H 1
| #define STDC_HEADERS 1
| #define GLIBC_MANDATORY_STRLEN_REDIRECT 1
| #define GLIBC_MANDATORY_INDEX_AND_STRLEN_REDIRECT 1
| #define HAVE_PTRACE_GETREGS 1
| #define HAVE_CLOCK_MONOTONIC 1
| #define HAVE_ELF32_CHDR 1
| #define HAVE_ELF64_CHDR 1
| #define HAVE_PTHREAD_RWLOCK_T 1
| #define HAVE_PTHREAD_MUTEX_ADAPTIVE_NP 1
| #define HAVE_PTHREAD_MUTEX_ERRORCHECK_NP 1
| #define HAVE_PTHREAD_MUTEX_RECURSIVE_NP 1
| #define HAVE_PTHREAD_RECURSIVE_MUTEX_INITIALIZER_NP 1
| #define HAVE_PTHREAD_MUTEX_T__DATA__KIND 1
| #define HAVE_DLINFO_RTLD_DI_TLS_MODID 1
| #define HAVE_EVENTFD 1
| #define HAVE_EVENTFD_READ 1
| #define HAVE_SYS_USER_REGS 1
| /* end confdefs.h.  */
| 
| int
| main (void)
| {
| 
|     return 0;
| 
|   ;
|   return 0;
| }
configure:10310: result: no
configure:10321: checking if gcc accepts -march=octeon2
configure:10340: gcc -c  -m64 -march=octeon2 -Werror  conftest.c >&5
cc1: error: bad value ('octeon2') for '-march=' switch
cc1: note: valid arguments to '-march=' switch are: nocona core2 nehalem corei7 westmere sandybridge corei7-avx ivybridge core-avx-i haswell core-avx2 broadwell skylake skylake-avx512 cannonlake icelake-client rocketlake icelake-server cascadelake tigerlake cooperlake sapphirerapids alderlake bonnell atom silvermont slm goldmont goldmont-plus tremont knl knm x86-64 x86-64-v2 x86-64-v3 x86-64-v4 eden-x2 nano nano-1000 nano-2000 nano-3000 nano-x2 eden-x4 nano-x4 k8 k8-sse3 opteron opteron-sse3 athlon64 athlon64-sse3 athlon-fx amdfam10 barcelona bdver1 bdver2 bdver3 bdver4 znver1 znver2 znver3 btver1 btver2 native
configure:10340: $? = 1
configure: failed program was:
| /* confdefs.h */
| #define PACKAGE_NAME "Valgrind"
| #define PACKAGE_TARNAME "valgrind"
| #define PACKAGE_VERSION "3.18.1"
| #define PACKAGE_STRING "Valgrind 3.18.1"
| #define PACKAGE_BUGREPORT "valgrind-users@lists.sourceforge.net"
| #define PACKAGE_URL ""
| #define PACKAGE "valgrind"
| #define VERSION "3.18.1"
| #define GDB_PATH "/usr/bin/gdb"
| #define VG_TMPDIR "/tmp"
| #define HAVE_STDIO_H 1
| #define HAVE_STDLIB_H 1
| #define HAVE_STRING_H 1
| #define HAVE_INTTYPES_H 1
| #define HAVE_STDINT_H 1
| #define HAVE_STRINGS_H 1
| #define HAVE_SYS_STAT_H 1
| #define HAVE_SYS_TYPES_H 1
| #define HAVE_UNISTD_H 1
| #define HAVE_SYS_TIME_H 1
| #define HAVE_SYS_PARAM_H 1
| #define STDC_HEADERS 1
| #define GLIBC_MANDATORY_STRLEN_REDIRECT 1
| #define GLIBC_MANDATORY_INDEX_AND_STRLEN_REDIRECT 1
| #define HAVE_PTRACE_GETREGS 1
| #define HAVE_CLOCK_MONOTONIC 1
| #define HAVE_ELF32_CHDR 1
| #define HAVE_ELF64_CHDR 1
| #define HAVE_PTHREAD_RWLOCK_T 1
| #define HAVE_PTHREAD_MUTEX_ADAPTIVE_NP 1
| #define HAVE_PTHREAD_MUTEX_ERRORCHECK_NP 1
| #define HAVE_PTHREAD_MUTEX_RECURSIVE_NP 1
| #define HAVE_PTHREAD_RECURSIVE_MUTEX_INITIALIZER_NP 1
| #define HAVE_PTHREAD_MUTEX_T__DATA__KIND 1
| #define HAVE_DLINFO_RTLD_DI_TLS_MODID 1
| #define HAVE_EVENTFD 1
| #define HAVE_EVENTFD_READ 1
| #define HAVE_SYS_USER_REGS 1
| /* end confdefs.h.  */
| 
| int
| main (void)
| {
| 
|     return 0;
| 
|   ;
|   return 0;
| }
configure:10350: result: no
configure:10362: checking if gcc accepts -mmsa
configure:10381: gcc -c  -mmsa -Werror  conftest.c >&5
gcc: error: unrecognized command-line option '-mmsa'
configure:10381: $? = 1
configure: failed program was:
| /* confdefs.h */
| #define PACKAGE_NAME "Valgrind"
| #define PACKAGE_TARNAME "valgrind"
| #define PACKAGE_VERSION "3.18.1"
| #define PACKAGE_STRING "Valgrind 3.18.1"
| #define PACKAGE_BUGREPORT "valgrind-users@lists.sourceforge.net"
| #define PACKAGE_URL ""
| #define PACKAGE "valgrind"
| #define VERSION "3.18.1"
| #define GDB_PATH "/usr/bin/gdb"
| #define VG_TMPDIR "/tmp"
| #define HAVE_STDIO_H 1
| #define HAVE_STDLIB_H 1
| #define HAVE_STRING_H 1
| #define HAVE_INTTYPES_H 1
| #define HAVE_STDINT_H 1
| #define HAVE_STRINGS_H 1
| #define HAVE_SYS_STAT_H 1
| #define HAVE_SYS_TYPES_H 1
| #define HAVE_UNISTD_H 1
| #define HAVE_SYS_TIME_H 1
| #define HAVE_SYS_PARAM_H 1
| #define STDC_HEADERS 1
| #define GLIBC_MANDATORY_STRLEN_REDIRECT 1
| #define GLIBC_MANDATORY_INDEX_AND_STRLEN_REDIRECT 1
| #define HAVE_PTRACE_GETREGS 1
| #define HAVE_CLOCK_MONOTONIC 1
| #define HAVE_ELF32_CHDR 1
| #define HAVE_ELF64_CHDR 1
| #define HAVE_PTHREAD_RWLOCK_T 1
| #define HAVE_PTHREAD_MUTEX_ADAPTIVE_NP 1
| #define HAVE_PTHREAD_MUTEX_ERRORCHECK_NP 1
| #define HAVE_PTHREAD_MUTEX_RECURSIVE_NP 1
| #define HAVE_PTHREAD_RECURSIVE_MUTEX_INITIALIZER_NP 1
| #define HAVE_PTHREAD_MUTEX_T__DATA__KIND 1
| #define HAVE_DLINFO_RTLD_DI_TLS_MODID 1
| #define HAVE_EVENTFD 1
| #define HAVE_EVENTFD_READ 1
| #define HAVE_SYS_USER_REGS 1
| /* end confdefs.h.  */
| 
| int
| main (void)
| {
| 
|     return 0;
| 
|   ;
|   return 0;
| }
configure:10391: result: no
configure:10401: checking if gcc is producing mips n32 binaries
configure:10411: gcc -c   conftest.c >&5
conftest.c:43:2: error: #error NO
   43 | #error NO
      |  ^~~~~
configure:10411: $? = 1
configure: failed program was:
| /* confdefs.h */
| #define PACKAGE_NAME "Valgrind"
| #define PACKAGE_TARNAME "valgrind"
| #define PACKAGE_VERSION "3.18.1"
| #define PACKAGE_STRING "Valgrind 3.18.1"
| #define PACKAGE_BUGREPORT "valgrind-users@lists.sourceforge.net"
| #define PACKAGE_URL ""
| #define PACKAGE "valgrind"
| #define VERSION "3.18.1"
| #define GDB_PATH "/usr/bin/gdb"
| #define VG_TMPDIR "/tmp"
| #define HAVE_STDIO_H 1
| #define HAVE_STDLIB_H 1
| #define HAVE_STRING_H 1
| #define HAVE_INTTYPES_H 1
| #define HAVE_STDINT_H 1
| #define HAVE_STRINGS_H 1
| #define HAVE_SYS_STAT_H 1
| #define HAVE_SYS_TYPES_H 1
| #define HAVE_UNISTD_H 1
| #define HAVE_SYS_TIME_H 1
| #define HAVE_SYS_PARAM_H 1
| #define STDC_HEADERS 1
| #define GLIBC_MANDATORY_STRLEN_REDIRECT 1
| #define GLIBC_MANDATORY_INDEX_AND_STRLEN_REDIRECT 1
| #define HAVE_PTRACE_GETREGS 1
| #define HAVE_CLOCK_MONOTONIC 1
| #define HAVE_ELF32_CHDR 1
| #define HAVE_ELF64_CHDR 1
| #define HAVE_PTHREAD_RWLOCK_T 1
| #define HAVE_PTHREAD_MUTEX_ADAPTIVE_NP 1
| #define HAVE_PTHREAD_MUTEX_ERRORCHECK_NP 1
| #define HAVE_PTHREAD_MUTEX_RECURSIVE_NP 1
| #define HAVE_PTHREAD_RECURSIVE_MUTEX_INITIALIZER_NP 1
| #define HAVE_PTHREAD_MUTEX_T__DATA__KIND 1
| #define HAVE_DLINFO_RTLD_DI_TLS_MODID 1
| #define HAVE_EVENTFD 1
| #define HAVE_EVENTFD_READ 1
| #define HAVE_SYS_USER_REGS 1
| /* end confdefs.h.  */
| 
| #if !defined(_MIPS_SIM) || (defined(_MIPS_SIM) && (_MIPS_SIM != _ABIN32))
| #error NO
| #endif
| 
configure:10421: result: no
configure:10428: checking if gcc is producing mips n64 binaries
configure:10438: gcc -c   conftest.c >&5
conftest.c:43:2: error: #error NO
   43 | #error NO
      |  ^~~~~
configure:10438: $? = 1
configure: failed program was:
| /* confdefs.h */
| #define PACKAGE_NAME "Valgrind"
| #define PACKAGE_TARNAME "valgrind"
| #define PACKAGE_VERSION "3.18.1"
| #define PACKAGE_STRING "Valgrind 3.18.1"
| #define PACKAGE_BUGREPORT "valgrind-users@lists.sourceforge.net"
| #define PACKAGE_URL ""
| #define PACKAGE "valgrind"
| #define VERSION "3.18.1"
| #define GDB_PATH "/usr/bin/gdb"
| #define VG_TMPDIR "/tmp"
| #define HAVE_STDIO_H 1
| #define HAVE_STDLIB_H 1
| #define HAVE_STRING_H 1
| #define HAVE_INTTYPES_H 1
| #define HAVE_STDINT_H 1
| #define HAVE_STRINGS_H 1
| #define HAVE_SYS_STAT_H 1
| #define HAVE_SYS_TYPES_H 1
| #define HAVE_UNISTD_H 1
| #define HAVE_SYS_TIME_H 1
| #define HAVE_SYS_PARAM_H 1
| #define STDC_HEADERS 1
| #define GLIBC_MANDATORY_STRLEN_REDIRECT 1
| #define GLIBC_MANDATORY_INDEX_AND_STRLEN_REDIRECT 1
| #define HAVE_PTRACE_GETREGS 1
| #define HAVE_CLOCK_MONOTONIC 1
| #define HAVE_ELF32_CHDR 1
| #define HAVE_ELF64_CHDR 1
| #define HAVE_PTHREAD_RWLOCK_T 1
| #define HAVE_PTHREAD_MUTEX_ADAPTIVE_NP 1
| #define HAVE_PTHREAD_MUTEX_ERRORCHECK_NP 1
| #define HAVE_PTHREAD_MUTEX_RECURSIVE_NP 1
| #define HAVE_PTHREAD_RECURSIVE_MUTEX_INITIALIZER_NP 1
| #define HAVE_PTHREAD_MUTEX_T__DATA__KIND 1
| #define HAVE_DLINFO_RTLD_DI_TLS_MODID 1
| #define HAVE_EVENTFD 1
| #define HAVE_EVENTFD_READ 1
| #define HAVE_SYS_USER_REGS 1
| /* end confdefs.h.  */
| 
| #if !defined(_MIPS_SIM) || (defined(_MIPS_SIM) && (_MIPS_SIM != _ABI64))
| #error NO
| #endif
| 
configure:10447: result: no
configure:10544: checking if gcc accepts -mmmx
configure:10563: gcc -c -mmmx -Werror  conftest.c >&5
configure:10563: $? = 0
configure:10567: result: yes
configure:10584: checking if gcc accepts -msse
configure:10603: gcc -c -msse -Werror  conftest.c >&5
configure:10603: $? = 0
configure:10607: result: yes
configure:10629: checking if gcc accepts -mpreferred-stack-boundary=2 -m32
configure:10648: gcc -c -mpreferred-stack-boundary=2 -m32 -Werror  conftest.c >&5
configure:10648: $? = 0
configure:10652: result: yes
configure:10669: checking if gcc accepts -mlong-double-128
configure:10686: gcc -c -mlong-double-128 -Werror  conftest.c >&5
configure:10686: $? = 0
configure:10690: result: yes
configure:10719: checking for using the link time optimisation
configure:10734: result: no
configure:10811: checking if gcc accepts -Wmemset-transposed-args
configure:10826: gcc -c -Wmemset-transposed-args -Werror  conftest.c >&5
configure:10826: $? = 0
configure:10831: result: yes
configure:10843: checking if gcc accepts -Wnonnull
configure:10858: gcc -c -Wnonnull -Werror  conftest.c >&5
configure:10858: $? = 0
configure:10863: result: yes
configure:10875: checking if gcc accepts -Woverflow
configure:10890: gcc -c -Woverflow -Werror  conftest.c >&5
configure:10890: $? = 0
configure:10895: result: yes
configure:10907: checking if gcc accepts -Wpointer-sign
configure:10922: gcc -c -Wpointer-sign -Werror  conftest.c >&5
configure:10922: $? = 0
configure:10927: result: yes
configure:10939: checking if gcc accepts -Wuninitialized
configure:10954: gcc -c -Wuninitialized -Werror  conftest.c >&5
configure:10954: $? = 0
configure:10959: result: yes
configure:10971: checking if gcc accepts -Wunused-function
configure:10986: gcc -c -Wunused-function -Werror  conftest.c >&5
configure:10986: $? = 0
configure:10991: result: yes
configure:11003: checking if gcc accepts -Wstatic-local-in-inline
configure:11018: gcc -c -Wstatic-local-in-inline -Werror  conftest.c >&5
gcc: error: unrecognized command-line option '-Wstatic-local-in-inline'
configure:11018: $? = 1
configure: failed program was:
| /* confdefs.h */
| #define PACKAGE_NAME "Valgrind"
| #define PACKAGE_TARNAME "valgrind"
| #define PACKAGE_VERSION "3.18.1"
| #define PACKAGE_STRING "Valgrind 3.18.1"
| #define PACKAGE_BUGREPORT "valgrind-users@lists.sourceforge.net"
| #define PACKAGE_URL ""
| #define PACKAGE "valgrind"
| #define VERSION "3.18.1"
| #define GDB_PATH "/usr/bin/gdb"
| #define VG_TMPDIR "/tmp"
| #define HAVE_STDIO_H 1
| #define HAVE_STDLIB_H 1
| #define HAVE_STRING_H 1
| #define HAVE_INTTYPES_H 1
| #define HAVE_STDINT_H 1
| #define HAVE_STRINGS_H 1
| #define HAVE_SYS_STAT_H 1
| #define HAVE_SYS_TYPES_H 1
| #define HAVE_UNISTD_H 1
| #define HAVE_SYS_TIME_H 1
| #define HAVE_SYS_PARAM_H 1
| #define STDC_HEADERS 1
| #define GLIBC_MANDATORY_STRLEN_REDIRECT 1
| #define GLIBC_MANDATORY_INDEX_AND_STRLEN_REDIRECT 1
| #define HAVE_PTRACE_GETREGS 1
| #define HAVE_CLOCK_MONOTONIC 1
| #define HAVE_ELF32_CHDR 1
| #define HAVE_ELF64_CHDR 1
| #define HAVE_PTHREAD_RWLOCK_T 1
| #define HAVE_PTHREAD_MUTEX_ADAPTIVE_NP 1
| #define HAVE_PTHREAD_MUTEX_ERRORCHECK_NP 1
| #define HAVE_PTHREAD_MUTEX_RECURSIVE_NP 1
| #define HAVE_PTHREAD_RECURSIVE_MUTEX_INITIALIZER_NP 1
| #define HAVE_PTHREAD_MUTEX_T__DATA__KIND 1
| #define HAVE_DLINFO_RTLD_DI_TLS_MODID 1
| #define HAVE_EVENTFD 1
| #define HAVE_EVENTFD_READ 1
| #define HAVE_SYS_USER_REGS 1
| /* end confdefs.h.  */
| 
| int
| main (void)
| {
| ;
|   ;
|   return 0;
| }
configure:11028: result: no
configure:11035: checking if gcc accepts -Wmismatched-new-delete
configure:11050: gcc -c -Wmismatched-new-delete -Werror  conftest.c >&5
cc1: warning: command-line option '-Wmismatched-new-delete' is valid for C++/ObjC++ but not for C
configure:11050: $? = 0
configure:11055: result: yes
configure:11067: checking if gcc accepts -Winfinite-recursion
configure:11082: gcc -c -Winfinite-recursion -Werror  conftest.c >&5
gcc: error: unrecognized command-line option '-Winfinite-recursion'
configure:11082: $? = 1
configure: failed program was:
| /* confdefs.h */
| #define PACKAGE_NAME "Valgrind"
| #define PACKAGE_TARNAME "valgrind"
| #define PACKAGE_VERSION "3.18.1"
| #define PACKAGE_STRING "Valgrind 3.18.1"
| #define PACKAGE_BUGREPORT "valgrind-users@lists.sourceforge.net"
| #define PACKAGE_URL ""
| #define PACKAGE "valgrind"
| #define VERSION "3.18.1"
| #define GDB_PATH "/usr/bin/gdb"
| #define VG_TMPDIR "/tmp"
| #define HAVE_STDIO_H 1
| #define HAVE_STDLIB_H 1
| #define HAVE_STRING_H 1
| #define HAVE_INTTYPES_H 1
| #define HAVE_STDINT_H 1
| #define HAVE_STRINGS_H 1
| #define HAVE_SYS_STAT_H 1
| #define HAVE_SYS_TYPES_H 1
| #define HAVE_UNISTD_H 1
| #define HAVE_SYS_TIME_H 1
| #define HAVE_SYS_PARAM_H 1
| #define STDC_HEADERS 1
| #define GLIBC_MANDATORY_STRLEN_REDIRECT 1
| #define GLIBC_MANDATORY_INDEX_AND_STRLEN_REDIRECT 1
| #define HAVE_PTRACE_GETREGS 1
| #define HAVE_CLOCK_MONOTONIC 1
| #define HAVE_ELF32_CHDR 1
| #define HAVE_ELF64_CHDR 1
| #define HAVE_PTHREAD_RWLOCK_T 1
| #define HAVE_PTHREAD_MUTEX_ADAPTIVE_NP 1
| #define HAVE_PTHREAD_MUTEX_ERRORCHECK_NP 1
| #define HAVE_PTHREAD_MUTEX_RECURSIVE_NP 1
| #define HAVE_PTHREAD_RECURSIVE_MUTEX_INITIALIZER_NP 1
| #define HAVE_PTHREAD_MUTEX_T__DATA__KIND 1
| #define HAVE_DLINFO_RTLD_DI_TLS_MODID 1
| #define HAVE_EVENTFD 1
| #define HAVE_EVENTFD_READ 1
| #define HAVE_SYS_USER_REGS 1
| /* end confdefs.h.  */
| 
| int
| main (void)
| {
| ;
|   ;
|   return 0;
| }
configure:11092: result: no
configure:11099: checking if gcc accepts -Wexpansion-to-defined
configure:11114: gcc -c -Wexpansion-to-defined -Werror  conftest.c >&5
configure:11114: $? = 0
configure:11119: result: yes
configure:11132: checking if gcc accepts -Wwrite-strings
configure:11147: gcc -c -Wwrite-strings -Werror  conftest.c >&5
configure:11147: $? = 0
configure:11152: result: yes
configure:11164: checking if gcc accepts -Wempty-body
configure:11179: gcc -c -Wempty-body -Werror  conftest.c >&5
configure:11179: $? = 0
configure:11184: result: yes
configure:11196: checking if gcc accepts -Wformat
configure:11211: gcc -c -Wformat -Werror  conftest.c >&5
configure:11211: $? = 0
configure:11216: result: yes
configure:11228: checking if gcc accepts -Wformat-signedness
configure:11243: gcc -c -Wformat-signedness -Werror  conftest.c >&5
configure:11243: $? = 0
configure:11248: result: yes
configure:11260: checking if gcc accepts -Wcast-qual
configure:11275: gcc -c -Wcast-qual -Werror  conftest.c >&5
configure:11275: $? = 0
configure:11280: result: yes
configure:11292: checking if gcc accepts -Wold-style-declaration
configure:11307: gcc -c -Wold-style-declaration -Werror  conftest.c >&5
configure:11307: $? = 0
configure:11312: result: yes
configure:11324: checking if gcc accepts -Wignored-qualifiers
configure:11339: gcc -c -Wignored-qualifiers -Werror  conftest.c >&5
configure:11339: $? = 0
configure:11344: result: yes
configure:11356: checking if gcc accepts -Wmissing-parameter-type
configure:11371: gcc -c -Wmissing-parameter-type -Werror  conftest.c >&5
configure:11371: $? = 0
configure:11376: result: yes
configure:11388: checking if gcc accepts -Wlogical-op
configure:11403: gcc -c -Wlogical-op -Werror  conftest.c >&5
configure:11403: $? = 0
configure:11408: result: yes
configure:11420: checking if gcc accepts -Wenum-conversion
configure:11435: gcc -c -Wenum-conversion -Werror  conftest.c >&5
configure:11435: $? = 0
configure:11440: result: yes
configure:11452: checking if gcc accepts -Wimplicit-fallthrough=2
configure:11467: gcc -c -Wimplicit-fallthrough=2 -Werror  conftest.c >&5
configure:11467: $? = 0
configure:11472: result: yes
configure:11490: checking if gcc accepts -Wformat-security
configure:11505: gcc -c -Wformat -Wformat-security -Werror  conftest.c >&5
configure:11505: $? = 0
configure:11510: result: yes
configure:11523: checking if gcc accepts -Wextra or -W
configure:11542: gcc -c -Wextra -Werror  conftest.c >&5
configure:11542: $? = 0
configure:11547: result: -Wextra
configure:11599: checking if g++ accepts -faligned-new
configure:11624: g++ -c -faligned-new -Werror  conftest.cpp >&5
configure:11624: $? = 0
configure:11628: result: yes
configure:11650: checking if g++ accepts -fsized-deallocation
configure:11675: g++ -c -fsized-deallocation -Werror  conftest.cpp >&5
configure:11675: $? = 0
configure:11680: result: yes
configure:11711: checking if g++ supports aligned new and delete
configure:11739: g++ -c -std=c++17  conftest.cpp >&5
configure:11739: $? = 0
configure:11743: result: yes
configure:11772: checking if gcc accepts -fno-stack-protector
configure:11791: gcc -c -fno-stack-protector -Werror  conftest.c >&5
configure:11791: $? = 0
configure:11796: result: yes
configure:11813: checking if gcc accepts -finline-functions
configure:11832: gcc -c -finline-functions -Werror  conftest.c >&5
configure:11832: $? = 0
configure:11837: result: yes
configure:11860: checking if gcc accepts -fno-ipa-icf
configure:11879: gcc -c -fno-ipa-icf -Werror  conftest.c >&5
configure:11879: $? = 0
configure:11884: result: yes
configure:11978: checking if gcc accepts --param inline-unit-growth
configure:11997: gcc -c --param inline-unit-growth=900 -Werror  conftest.c >&5
configure:11997: $? = 0
configure:12002: result: yes
configure:12019: checking if gcc accepts -gdwarf-4 -fdebug-types-section
configure:12038: gcc -c -gdwarf-4 -fdebug-types-section -Werror  conftest.c >&5
configure:12038: $? = 0
configure:12042: result: yes
configure:12066: checking if gcc accepts -g -gz=zlib
configure:12085: gcc -o conftest -g -gz=zlib   conftest.c  >&5
configure:12085: $? = 0
configure:12089: result: yes
configure:12114: checking if gcc accepts -g -gz=zlib-gnu
configure:12133: gcc -o conftest -g -gz=zlib-gnu   conftest.c  >&5
configure:12133: $? = 0
configure:12137: result: yes
configure:12162: checking if gcc accepts nested functions
configure:12179: gcc -c   conftest.c >&5
configure:12179: $? = 0
configure:12183: result: yes
configure:12206: checking if gcc accepts the 'p' constraint in asm statements
configure:12223: gcc -c   conftest.c >&5
configure:12223: $? = 0
configure:12227: result: yes
configure:12252: checking if gcc accepts -pie
configure:12271: gcc -o conftest -pie   conftest.c  >&5
configure:12271: $? = 0
configure:12276: result: yes
configure:12297: checking if gcc accepts -no-pie
configure:12316: gcc -c -no-pie -Werror  conftest.c >&5
configure:12316: $? = 0
configure:12321: result: yes
configure:12358: checking if the linker accepts -Wl,--image-base
configure:12367: gcc -o conftest -static -nodefaultlibs -nostartfiles -Wl,--image-base=0x58000000 -Werror   conftest.c  >&5
/usr/bin/ld: unrecognized option '--image-base=0x58000000'
/usr/bin/ld: use the --help option for usage information
collect2: error: ld returned 1 exit status
configure:12367: $? = 1
configure: failed program was:
| /* confdefs.h */
| #define PACKAGE_NAME "Valgrind"
| #define PACKAGE_TARNAME "valgrind"
| #define PACKAGE_VERSION "3.18.1"
| #define PACKAGE_STRING "Valgrind 3.18.1"
| #define PACKAGE_BUGREPORT "valgrind-users@lists.sourceforge.net"
| #define PACKAGE_URL ""
| #define PACKAGE "valgrind"
| #define VERSION "3.18.1"
| #define GDB_PATH "/usr/bin/gdb"
| #define VG_TMPDIR "/tmp"
| #define HAVE_STDIO_H 1
| #define HAVE_STDLIB_H 1
| #define HAVE_STRING_H 1
| #define HAVE_INTTYPES_H 1
| #define HAVE_STDINT_H 1
| #define HAVE_STRINGS_H 1
| #define HAVE_SYS_STAT_H 1
| #define HAVE_SYS_TYPES_H 1
| #define HAVE_UNISTD_H 1
| #define HAVE_SYS_TIME_H 1
| #define HAVE_SYS_PARAM_H 1
| #define STDC_HEADERS 1
| #define GLIBC_MANDATORY_STRLEN_REDIRECT 1
| #define GLIBC_MANDATORY_INDEX_AND_STRLEN_REDIRECT 1
| #define HAVE_PTRACE_GETREGS 1
| #define HAVE_CLOCK_MONOTONIC 1
| #define HAVE_ELF32_CHDR 1
| #define HAVE_ELF64_CHDR 1
| #define HAVE_PTHREAD_RWLOCK_T 1
| #define HAVE_PTHREAD_MUTEX_ADAPTIVE_NP 1
| #define HAVE_PTHREAD_MUTEX_ERRORCHECK_NP 1
| #define HAVE_PTHREAD_MUTEX_RECURSIVE_NP 1
| #define HAVE_PTHREAD_RECURSIVE_MUTEX_INITIALIZER_NP 1
| #define HAVE_PTHREAD_MUTEX_T__DATA__KIND 1
| #define HAVE_DLINFO_RTLD_DI_TLS_MODID 1
| #define HAVE_EVENTFD 1
| #define HAVE_EVENTFD_READ 1
| #define HAVE_SYS_USER_REGS 1
| /* end confdefs.h.  */
| int _start () { return 0; }
configure:12378: result: no
configure:12381: checking if the linker accepts -Wl,-Ttext-segment
configure:12390: gcc -o conftest -static -nodefaultlibs -nostartfiles -Wl,-Ttext-segment=0x58000000 -Werror   conftest.c  >&5
configure:12390: $? = 0
configure:12396: result: yes
configure:12465: ld --image-base or -Ttext-segment used, no need to strip build-id NOTEs.
configure:12473: checking if ppc32/64 as supports mtocrf/mfocrf
configure:12490: gcc -c   conftest.c >&5
conftest.c: Assembler messages:
conftest.c:46: Error: no such instruction: `mtocrf 4,0'
conftest.c:47: Error: no such instruction: `mfocrf 0,4'
configure:12490: $? = 1
configure: failed program was:
| /* confdefs.h */
| #define PACKAGE_NAME "Valgrind"
| #define PACKAGE_TARNAME "valgrind"
| #define PACKAGE_VERSION "3.18.1"
| #define PACKAGE_STRING "Valgrind 3.18.1"
| #define PACKAGE_BUGREPORT "valgrind-users@lists.sourceforge.net"
| #define PACKAGE_URL ""
| #define PACKAGE "valgrind"
| #define VERSION "3.18.1"
| #define GDB_PATH "/usr/bin/gdb"
| #define VG_TMPDIR "/tmp"
| #define HAVE_STDIO_H 1
| #define HAVE_STDLIB_H 1
| #define HAVE_STRING_H 1
| #define HAVE_INTTYPES_H 1
| #define HAVE_STDINT_H 1
| #define HAVE_STRINGS_H 1
| #define HAVE_SYS_STAT_H 1
| #define HAVE_SYS_TYPES_H 1
| #define HAVE_UNISTD_H 1
| #define HAVE_SYS_TIME_H 1
| #define HAVE_SYS_PARAM_H 1
| #define STDC_HEADERS 1
| #define GLIBC_MANDATORY_STRLEN_REDIRECT 1
| #define GLIBC_MANDATORY_INDEX_AND_STRLEN_REDIRECT 1
| #define HAVE_PTRACE_GETREGS 1
| #define HAVE_CLOCK_MONOTONIC 1
| #define HAVE_ELF32_CHDR 1
| #define HAVE_ELF64_CHDR 1
| #define HAVE_PTHREAD_RWLOCK_T 1
| #define HAVE_PTHREAD_MUTEX_ADAPTIVE_NP 1
| #define HAVE_PTHREAD_MUTEX_ERRORCHECK_NP 1
| #define HAVE_PTHREAD_MUTEX_RECURSIVE_NP 1
| #define HAVE_PTHREAD_RECURSIVE_MUTEX_INITIALIZER_NP 1
| #define HAVE_PTHREAD_MUTEX_T__DATA__KIND 1
| #define HAVE_DLINFO_RTLD_DI_TLS_MODID 1
| #define HAVE_EVENTFD 1
| #define HAVE_EVENTFD_READ 1
| #define HAVE_SYS_USER_REGS 1
| /* end confdefs.h.  */
| 
| int
| main (void)
| {
| 
| __asm__ __volatile__("mtocrf 4,0");
| __asm__ __volatile__("mfocrf 0,4");
| 
|   ;
|   return 0;
| }
configure:12500: result: no
configure:12513: checking if ppc32/64 asm supports phased out floating point instructions
configure:12535: gcc -c   conftest.c >&5
conftest.c: Assembler messages:
conftest.c:51: Error: no such instruction: `lfdp 10,-64(%rbp)'
configure:12535: $? = 1
configure: failed program was:
| /* confdefs.h */
| #define PACKAGE_NAME "Valgrind"
| #define PACKAGE_TARNAME "valgrind"
| #define PACKAGE_VERSION "3.18.1"
| #define PACKAGE_STRING "Valgrind 3.18.1"
| #define PACKAGE_BUGREPORT "valgrind-users@lists.sourceforge.net"
| #define PACKAGE_URL ""
| #define PACKAGE "valgrind"
| #define VERSION "3.18.1"
| #define GDB_PATH "/usr/bin/gdb"
| #define VG_TMPDIR "/tmp"
| #define HAVE_STDIO_H 1
| #define HAVE_STDLIB_H 1
| #define HAVE_STRING_H 1
| #define HAVE_INTTYPES_H 1
| #define HAVE_STDINT_H 1
| #define HAVE_STRINGS_H 1
| #define HAVE_SYS_STAT_H 1
| #define HAVE_SYS_TYPES_H 1
| #define HAVE_UNISTD_H 1
| #define HAVE_SYS_TIME_H 1
| #define HAVE_SYS_PARAM_H 1
| #define STDC_HEADERS 1
| #define GLIBC_MANDATORY_STRLEN_REDIRECT 1
| #define GLIBC_MANDATORY_INDEX_AND_STRLEN_REDIRECT 1
| #define HAVE_PTRACE_GETREGS 1
| #define HAVE_CLOCK_MONOTONIC 1
| #define HAVE_ELF32_CHDR 1
| #define HAVE_ELF64_CHDR 1
| #define HAVE_PTHREAD_RWLOCK_T 1
| #define HAVE_PTHREAD_MUTEX_ADAPTIVE_NP 1
| #define HAVE_PTHREAD_MUTEX_ERRORCHECK_NP 1
| #define HAVE_PTHREAD_MUTEX_RECURSIVE_NP 1
| #define HAVE_PTHREAD_RECURSIVE_MUTEX_INITIALIZER_NP 1
| #define HAVE_PTHREAD_MUTEX_T__DATA__KIND 1
| #define HAVE_DLINFO_RTLD_DI_TLS_MODID 1
| #define HAVE_EVENTFD 1
| #define HAVE_EVENTFD_READ 1
| #define HAVE_SYS_USER_REGS 1
| /* end confdefs.h.  */
| 
| int
| main (void)
| {
| 
|   do { typedef struct {
|       double hi;
|       double lo;
|      } dbl_pair_t;
|      dbl_pair_t dbl_pair[3];
|      __asm__ volatile ("lfdp 10, %0"::"m" (dbl_pair[0]));
|    } while (0)
| 
|   ;
|   return 0;
| }
configure:12545: result: no
configure:12558: checking if amd64 assembler supports fxsave64/fxrstor64
configure:12576: gcc -c   conftest.c >&5
configure:12576: $? = 0
configure:12580: result: yes
configure:12600: checking if x86/amd64 assembler speaks SSE3
configure:12618: gcc -c   conftest.c >&5
configure:12618: $? = 0
configure:12622: result: yes
configure:12647: checking if x86/amd64 assembler speaks SSSE3
configure:12668: gcc -c  -msse -Werror  conftest.c >&5
configure:12668: $? = 0
configure:12672: result: yes
configure:12698: checking if x86/amd64 assembler supports 'pclmulqdq'
configure:12716: gcc -c   conftest.c >&5
configure:12716: $? = 0
configure:12720: result: yes
configure:12745: checking if x86/amd64 assembler supports 'vpclmulqdq'
configure:12768: gcc -c   conftest.c >&5
configure:12768: $? = 0
configure:12772: result: yes
configure:12797: checking if x86/amd64 assembler supports FMA4 'vfmaddpd'
configure:12815: gcc -c   conftest.c >&5
configure:12815: $? = 0
configure:12819: result: yes
configure:12844: checking if x86/amd64 assembler supports 'lzcnt'
configure:12862: gcc -c   conftest.c >&5
configure:12862: $? = 0
configure:12866: result: yes
configure:12891: checking if x86/amd64 assembler supports 'loopnel'
configure:12909: gcc -c   conftest.c >&5
configure:12909: $? = 0
configure:12913: result: yes
configure:12938: checking if x86/amd64 assembler supports 'addr32'
configure:12956: gcc -c   conftest.c >&5
configure:12956: $? = 0
configure:12960: result: yes
configure:12985: checking if x86/amd64 assembler speaks SSE4.2
configure:13008: gcc -c   conftest.c >&5
configure:13008: $? = 0
configure:13012: result: yes
configure:13037: checking if x86/amd64 assembler speaks AVX
configure:13058: gcc -c   conftest.c >&5
configure:13058: $? = 0
configure:13062: result: yes
configure:13087: checking if x86/amd64 assembler speaks AVX2
configure:13108: gcc -c   conftest.c >&5
configure:13108: $? = 0
configure:13112: result: yes
configure:13138: checking if x86/amd64 assembler speaks TSX
configure:13161: gcc -c   conftest.c >&5
configure:13161: $? = 0
configure:13165: result: yes
configure:13190: checking if x86/amd64 assembler speaks BMI1 and BMI2
configure:13212: gcc -c   conftest.c >&5
configure:13212: $? = 0
configure:13216: result: yes
configure:13241: checking if x86/amd64 assembler speaks FMA
configure:13264: gcc -c   conftest.c >&5
configure:13264: $? = 0
configure:13268: result: yes
configure:13293: checking if amd64 assembler knows the MPX instructions
configure:13316: gcc -c   conftest.c >&5
conftest.c: In function 'main':
conftest.c:51:11: error: expected ':' or ')' before 'bnd'
   51 |           bnd jmp  end\n"
      |           ^~~
conftest.c:51:23: error: stray '\' in program
   51 |           bnd jmp  end\n"
      |                       ^
conftest.c:51:25: warning: missing terminating " character
   51 |           bnd jmp  end\n"
      |                         ^
conftest.c:51:25: error: missing terminating " character
conftest.c:52:23: error: stray '\' in program
   52 |           foo: bnd ret\n"
      |                       ^
conftest.c:52:25: warning: missing terminating " character
   52 |           foo: bnd ret\n"
      |                         ^
conftest.c:52:25: error: missing terminating " character
conftest.c:53:19: warning: missing terminating " character
   53 |           end: nop");
      |                   ^
conftest.c:53:19: error: missing terminating " character
   53 |           end: nop");
      |                   ^~~
configure:13316: $? = 1
configure: failed program was:
| /* confdefs.h */
| #define PACKAGE_NAME "Valgrind"
| #define PACKAGE_TARNAME "valgrind"
| #define PACKAGE_VERSION "3.18.1"
| #define PACKAGE_STRING "Valgrind 3.18.1"
| #define PACKAGE_BUGREPORT "valgrind-users@lists.sourceforge.net"
| #define PACKAGE_URL ""
| #define PACKAGE "valgrind"
| #define VERSION "3.18.1"
| #define GDB_PATH "/usr/bin/gdb"
| #define VG_TMPDIR "/tmp"
| #define HAVE_STDIO_H 1
| #define HAVE_STDLIB_H 1
| #define HAVE_STRING_H 1
| #define HAVE_INTTYPES_H 1
| #define HAVE_STDINT_H 1
| #define HAVE_STRINGS_H 1
| #define HAVE_SYS_STAT_H 1
| #define HAVE_SYS_TYPES_H 1
| #define HAVE_UNISTD_H 1
| #define HAVE_SYS_TIME_H 1
| #define HAVE_SYS_PARAM_H 1
| #define STDC_HEADERS 1
| #define GLIBC_MANDATORY_STRLEN_REDIRECT 1
| #define GLIBC_MANDATORY_INDEX_AND_STRLEN_REDIRECT 1
| #define HAVE_PTRACE_GETREGS 1
| #define HAVE_CLOCK_MONOTONIC 1
| #define HAVE_ELF32_CHDR 1
| #define HAVE_ELF64_CHDR 1
| #define HAVE_PTHREAD_RWLOCK_T 1
| #define HAVE_PTHREAD_MUTEX_ADAPTIVE_NP 1
| #define HAVE_PTHREAD_MUTEX_ERRORCHECK_NP 1
| #define HAVE_PTHREAD_MUTEX_RECURSIVE_NP 1
| #define HAVE_PTHREAD_RECURSIVE_MUTEX_INITIALIZER_NP 1
| #define HAVE_PTHREAD_MUTEX_T__DATA__KIND 1
| #define HAVE_DLINFO_RTLD_DI_TLS_MODID 1
| #define HAVE_EVENTFD 1
| #define HAVE_EVENTFD_READ 1
| #define HAVE_SYS_USER_REGS 1
| #define HAVE_AS_AMD64_FXSAVE64 1
| /* end confdefs.h.  */
| 
| int
| main (void)
| {
| 
|   do {
|     asm ("bndmov %bnd0,(%rsp)");
|     asm ("bndldx 3(%rbx,%rdx), %bnd2");
|     asm ("bnd call foo\n"
|           bnd jmp  end\n"
|           foo: bnd ret\n"
|           end: nop");
|   } while (0)
| 
|   ;
|   return 0;
| }
configure:13326: result: no
configure:13345: checking if amd64 assembler knows the ADX instructions
configure:13363: gcc -c   conftest.c >&5
configure:13363: $? = 0
configure:13367: result: yes
configure:13392: checking if amd64 assembler knows the RDRAND instruction
configure:13412: gcc -c   conftest.c >&5
configure:13412: $? = 0
configure:13416: result: yes
configure:13440: checking if amd64 assembler knows the RDSEED instruction
configure:13460: gcc -c   conftest.c >&5
configure:13460: $? = 0
configure:13464: result: yes
configure:13489: checking if amd64 assembler knows the F16C instructions
configure:13510: gcc -c   conftest.c >&5
configure:13510: $? = 0
configure:13514: result: yes
configure:13539: checking if x86/amd64 assembler knows the MOVBE insn
configure:13558: gcc -c   conftest.c >&5
configure:13558: $? = 0
configure:13562: result: yes
configure:13587: checking if gcc supports the ifunc attribute
configure:13609: gcc -o conftest    conftest.c  >&5
configure:13609: $? = 0
configure:13613: result: yes
configure:13638: checking if gcc supports the armv8 crc feature flag
configure:13652: gcc -c  -march=armv8-a+crc -Werror  conftest.c >&5
cc1: error: bad value ('armv8-a+crc') for '-march=' switch
cc1: note: valid arguments to '-march=' switch are: nocona core2 nehalem corei7 westmere sandybridge corei7-avx ivybridge core-avx-i haswell core-avx2 broadwell skylake skylake-avx512 cannonlake icelake-client rocketlake icelake-server cascadelake tigerlake cooperlake sapphirerapids alderlake bonnell atom silvermont slm goldmont goldmont-plus tremont knl knm x86-64 x86-64-v2 x86-64-v3 x86-64-v4 eden-x2 nano nano-1000 nano-2000 nano-3000 nano-x2 eden-x4 nano-x4 k8 k8-sse3 opteron opteron-sse3 athlon64 athlon64-sse3 athlon-fx amdfam10 barcelona bdver1 bdver2 bdver3 bdver4 znver1 znver2 znver3 btver1 btver2 native
configure:13652: $? = 1
configure: failed program was:
| /* confdefs.h */
| #define PACKAGE_NAME "Valgrind"
| #define PACKAGE_TARNAME "valgrind"
| #define PACKAGE_VERSION "3.18.1"
| #define PACKAGE_STRING "Valgrind 3.18.1"
| #define PACKAGE_BUGREPORT "valgrind-users@lists.sourceforge.net"
| #define PACKAGE_URL ""
| #define PACKAGE "valgrind"
| #define VERSION "3.18.1"
| #define GDB_PATH "/usr/bin/gdb"
| #define VG_TMPDIR "/tmp"
| #define HAVE_STDIO_H 1
| #define HAVE_STDLIB_H 1
| #define HAVE_STRING_H 1
| #define HAVE_INTTYPES_H 1
| #define HAVE_STDINT_H 1
| #define HAVE_STRINGS_H 1
| #define HAVE_SYS_STAT_H 1
| #define HAVE_SYS_TYPES_H 1
| #define HAVE_UNISTD_H 1
| #define HAVE_SYS_TIME_H 1
| #define HAVE_SYS_PARAM_H 1
| #define STDC_HEADERS 1
| #define GLIBC_MANDATORY_STRLEN_REDIRECT 1
| #define GLIBC_MANDATORY_INDEX_AND_STRLEN_REDIRECT 1
| #define HAVE_PTRACE_GETREGS 1
| #define HAVE_CLOCK_MONOTONIC 1
| #define HAVE_ELF32_CHDR 1
| #define HAVE_ELF64_CHDR 1
| #define HAVE_PTHREAD_RWLOCK_T 1
| #define HAVE_PTHREAD_MUTEX_ADAPTIVE_NP 1
| #define HAVE_PTHREAD_MUTEX_ERRORCHECK_NP 1
| #define HAVE_PTHREAD_MUTEX_RECURSIVE_NP 1
| #define HAVE_PTHREAD_RECURSIVE_MUTEX_INITIALIZER_NP 1
| #define HAVE_PTHREAD_MUTEX_T__DATA__KIND 1
| #define HAVE_DLINFO_RTLD_DI_TLS_MODID 1
| #define HAVE_EVENTFD 1
| #define HAVE_EVENTFD_READ 1
| #define HAVE_SYS_USER_REGS 1
| #define HAVE_AS_AMD64_FXSAVE64 1
| /* end confdefs.h.  */
| 
| int main()
| {
|     return 0;
| }
| 
configure:13662: result: no
configure:13682: checking if gcc supports the armv81 feature flag and assembler supports v8.1 instructions
configure:13697: gcc -c  -march=armv8.1-a -Werror  conftest.c >&5
cc1: error: bad value ('armv8.1-a') for '-march=' switch
cc1: note: valid arguments to '-march=' switch are: nocona core2 nehalem corei7 westmere sandybridge corei7-avx ivybridge core-avx-i haswell core-avx2 broadwell skylake skylake-avx512 cannonlake icelake-client rocketlake icelake-server cascadelake tigerlake cooperlake sapphirerapids alderlake bonnell atom silvermont slm goldmont goldmont-plus tremont knl knm x86-64 x86-64-v2 x86-64-v3 x86-64-v4 eden-x2 nano nano-1000 nano-2000 nano-3000 nano-x2 eden-x4 nano-x4 k8 k8-sse3 opteron opteron-sse3 athlon64 athlon64-sse3 athlon-fx amdfam10 barcelona bdver1 bdver2 bdver3 bdver4 znver1 znver2 znver3 btver1 btver2 native
configure:13697: $? = 1
configure: failed program was:
| /* confdefs.h */
| #define PACKAGE_NAME "Valgrind"
| #define PACKAGE_TARNAME "valgrind"
| #define PACKAGE_VERSION "3.18.1"
| #define PACKAGE_STRING "Valgrind 3.18.1"
| #define PACKAGE_BUGREPORT "valgrind-users@lists.sourceforge.net"
| #define PACKAGE_URL ""
| #define PACKAGE "valgrind"
| #define VERSION "3.18.1"
| #define GDB_PATH "/usr/bin/gdb"
| #define VG_TMPDIR "/tmp"
| #define HAVE_STDIO_H 1
| #define HAVE_STDLIB_H 1
| #define HAVE_STRING_H 1
| #define HAVE_INTTYPES_H 1
| #define HAVE_STDINT_H 1
| #define HAVE_STRINGS_H 1
| #define HAVE_SYS_STAT_H 1
| #define HAVE_SYS_TYPES_H 1
| #define HAVE_UNISTD_H 1
| #define HAVE_SYS_TIME_H 1
| #define HAVE_SYS_PARAM_H 1
| #define STDC_HEADERS 1
| #define GLIBC_MANDATORY_STRLEN_REDIRECT 1
| #define GLIBC_MANDATORY_INDEX_AND_STRLEN_REDIRECT 1
| #define HAVE_PTRACE_GETREGS 1
| #define HAVE_CLOCK_MONOTONIC 1
| #define HAVE_ELF32_CHDR 1
| #define HAVE_ELF64_CHDR 1
| #define HAVE_PTHREAD_RWLOCK_T 1
| #define HAVE_PTHREAD_MUTEX_ADAPTIVE_NP 1
| #define HAVE_PTHREAD_MUTEX_ERRORCHECK_NP 1
| #define HAVE_PTHREAD_MUTEX_RECURSIVE_NP 1
| #define HAVE_PTHREAD_RECURSIVE_MUTEX_INITIALIZER_NP 1
| #define HAVE_PTHREAD_MUTEX_T__DATA__KIND 1
| #define HAVE_DLINFO_RTLD_DI_TLS_MODID 1
| #define HAVE_EVENTFD 1
| #define HAVE_EVENTFD_READ 1
| #define HAVE_SYS_USER_REGS 1
| #define HAVE_AS_AMD64_FXSAVE64 1
| /* end confdefs.h.  */
| 
| int main()
| {
|     __asm__ __volatile__("ldadd x0, x1, [x2]" ::: "memory");
|     return 0;
| }
| 
configure:13707: result: no
configure:13727: checking if gcc supports the armv82 feature flag and assembler supports v8.2 instructions
configure:13742: gcc -c  -march=armv8.2-a+fp16 -Werror  conftest.c >&5
cc1: error: bad value ('armv8.2-a+fp16') for '-march=' switch
cc1: note: valid arguments to '-march=' switch are: nocona core2 nehalem corei7 westmere sandybridge corei7-avx ivybridge core-avx-i haswell core-avx2 broadwell skylake skylake-avx512 cannonlake icelake-client rocketlake icelake-server cascadelake tigerlake cooperlake sapphirerapids alderlake bonnell atom silvermont slm goldmont goldmont-plus tremont knl knm x86-64 x86-64-v2 x86-64-v3 x86-64-v4 eden-x2 nano nano-1000 nano-2000 nano-3000 nano-x2 eden-x4 nano-x4 k8 k8-sse3 opteron opteron-sse3 athlon64 athlon64-sse3 athlon-fx amdfam10 barcelona bdver1 bdver2 bdver3 bdver4 znver1 znver2 znver3 btver1 btver2 native
configure:13742: $? = 1
configure: failed program was:
| /* confdefs.h */
| #define PACKAGE_NAME "Valgrind"
| #define PACKAGE_TARNAME "valgrind"
| #define PACKAGE_VERSION "3.18.1"
| #define PACKAGE_STRING "Valgrind 3.18.1"
| #define PACKAGE_BUGREPORT "valgrind-users@lists.sourceforge.net"
| #define PACKAGE_URL ""
| #define PACKAGE "valgrind"
| #define VERSION "3.18.1"
| #define GDB_PATH "/usr/bin/gdb"
| #define VG_TMPDIR "/tmp"
| #define HAVE_STDIO_H 1
| #define HAVE_STDLIB_H 1
| #define HAVE_STRING_H 1
| #define HAVE_INTTYPES_H 1
| #define HAVE_STDINT_H 1
| #define HAVE_STRINGS_H 1
| #define HAVE_SYS_STAT_H 1
| #define HAVE_SYS_TYPES_H 1
| #define HAVE_UNISTD_H 1
| #define HAVE_SYS_TIME_H 1
| #define HAVE_SYS_PARAM_H 1
| #define STDC_HEADERS 1
| #define GLIBC_MANDATORY_STRLEN_REDIRECT 1
| #define GLIBC_MANDATORY_INDEX_AND_STRLEN_REDIRECT 1
| #define HAVE_PTRACE_GETREGS 1
| #define HAVE_CLOCK_MONOTONIC 1
| #define HAVE_ELF32_CHDR 1
| #define HAVE_ELF64_CHDR 1
| #define HAVE_PTHREAD_RWLOCK_T 1
| #define HAVE_PTHREAD_MUTEX_ADAPTIVE_NP 1
| #define HAVE_PTHREAD_MUTEX_ERRORCHECK_NP 1
| #define HAVE_PTHREAD_MUTEX_RECURSIVE_NP 1
| #define HAVE_PTHREAD_RECURSIVE_MUTEX_INITIALIZER_NP 1
| #define HAVE_PTHREAD_MUTEX_T__DATA__KIND 1
| #define HAVE_DLINFO_RTLD_DI_TLS_MODID 1
| #define HAVE_EVENTFD 1
| #define HAVE_EVENTFD_READ 1
| #define HAVE_SYS_USER_REGS 1
| #define HAVE_AS_AMD64_FXSAVE64 1
| /* end confdefs.h.  */
| 
| int main()
| {
|     __asm__ __volatile__("faddp h0, v1.2h");
|     return 0;
| }
| 
configure:13752: result: no
configure:13784: gcc -o conftest    conftest.c  >&5
configure:13784: $? = 0
configure:13796: checking for TLS support
configure:13822: gcc -o conftest    conftest.c  >&5
configure:13822: $? = 0
configure:13822: ./conftest
configure:13822: $? = 0
configure:13835: result: yes
configure:16078: checking for asm/unistd.h
configure:16078: gcc -c   conftest.c >&5
configure:16078: $? = 0
configure:16078: result: yes
configure:16084: checking for endian.h
configure:16084: gcc -c   conftest.c >&5
configure:16084: $? = 0
configure:16084: result: yes
configure:16090: checking for mqueue.h
configure:16090: gcc -c   conftest.c >&5
configure:16090: $? = 0
configure:16090: result: yes
configure:16096: checking for sys/endian.h
configure:16096: gcc -c   conftest.c >&5
conftest.c:74:10: fatal error: sys/endian.h: No such file or directory
   74 | #include <sys/endian.h>
      |          ^~~~~~~~~~~~~~
compilation terminated.
configure:16096: $? = 1
configure: failed program was:
| /* confdefs.h */
| #define PACKAGE_NAME "Valgrind"
| #define PACKAGE_TARNAME "valgrind"
| #define PACKAGE_VERSION "3.18.1"
| #define PACKAGE_STRING "Valgrind 3.18.1"
| #define PACKAGE_BUGREPORT "valgrind-users@lists.sourceforge.net"
| #define PACKAGE_URL ""
| #define PACKAGE "valgrind"
| #define VERSION "3.18.1"
| #define GDB_PATH "/usr/bin/gdb"
| #define VG_TMPDIR "/tmp"
| #define HAVE_STDIO_H 1
| #define HAVE_STDLIB_H 1
| #define HAVE_STRING_H 1
| #define HAVE_INTTYPES_H 1
| #define HAVE_STDINT_H 1
| #define HAVE_STRINGS_H 1
| #define HAVE_SYS_STAT_H 1
| #define HAVE_SYS_TYPES_H 1
| #define HAVE_UNISTD_H 1
| #define HAVE_SYS_TIME_H 1
| #define HAVE_SYS_PARAM_H 1
| #define STDC_HEADERS 1
| #define GLIBC_MANDATORY_STRLEN_REDIRECT 1
| #define GLIBC_MANDATORY_INDEX_AND_STRLEN_REDIRECT 1
| #define HAVE_PTRACE_GETREGS 1
| #define HAVE_CLOCK_MONOTONIC 1
| #define HAVE_ELF32_CHDR 1
| #define HAVE_ELF64_CHDR 1
| #define HAVE_PTHREAD_RWLOCK_T 1
| #define HAVE_PTHREAD_MUTEX_ADAPTIVE_NP 1
| #define HAVE_PTHREAD_MUTEX_ERRORCHECK_NP 1
| #define HAVE_PTHREAD_MUTEX_RECURSIVE_NP 1
| #define HAVE_PTHREAD_RECURSIVE_MUTEX_INITIALIZER_NP 1
| #define HAVE_PTHREAD_MUTEX_T__DATA__KIND 1
| #define HAVE_DLINFO_RTLD_DI_TLS_MODID 1
| #define HAVE_EVENTFD 1
| #define HAVE_EVENTFD_READ 1
| #define HAVE_SYS_USER_REGS 1
| #define HAVE_AS_AMD64_FXSAVE64 1
| #define HAVE_TLS 1
| #define HAVE_ASM_UNISTD_H 1
| #define HAVE_ENDIAN_H 1
| #define HAVE_MQUEUE_H 1
| /* end confdefs.h.  */
| #include <stddef.h>
| #ifdef HAVE_STDIO_H
| # include <stdio.h>
| #endif
| #ifdef HAVE_STDLIB_H
| # include <stdlib.h>
| #endif
| #ifdef HAVE_STRING_H
| # include <string.h>
| #endif
| #ifdef HAVE_INTTYPES_H
| # include <inttypes.h>
| #endif
| #ifdef HAVE_STDINT_H
| # include <stdint.h>
| #endif
| #ifdef HAVE_STRINGS_H
| # include <strings.h>
| #endif
| #ifdef HAVE_SYS_TYPES_H
| # include <sys/types.h>
| #endif
| #ifdef HAVE_SYS_STAT_H
| # include <sys/stat.h>
| #endif
| #ifdef HAVE_UNISTD_H
| # include <unistd.h>
| #endif
| #include <sys/endian.h>
configure:16096: result: no
configure:16102: checking for sys/epoll.h
configure:16102: gcc -c   conftest.c >&5
configure:16102: $? = 0
configure:16102: result: yes
configure:16108: checking for sys/eventfd.h
configure:16108: gcc -c   conftest.c >&5
configure:16108: $? = 0
configure:16108: result: yes
configure:16114: checking for sys/klog.h
configure:16114: gcc -c   conftest.c >&5
configure:16114: $? = 0
configure:16114: result: yes
configure:16120: checking for sys/poll.h
configure:16120: gcc -c   conftest.c >&5
configure:16120: $? = 0
configure:16120: result: yes
configure:16126: checking for sys/prctl.h
configure:16126: gcc -c   conftest.c >&5
configure:16126: $? = 0
configure:16126: result: yes
configure:16132: checking for sys/signal.h
configure:16132: gcc -c   conftest.c >&5
configure:16132: $? = 0
configure:16132: result: yes
configure:16138: checking for sys/signalfd.h
configure:16138: gcc -c   conftest.c >&5
configure:16138: $? = 0
configure:16138: result: yes
configure:16144: checking for sys/syscall.h
configure:16144: gcc -c   conftest.c >&5
configure:16144: $? = 0
configure:16144: result: yes
configure:16150: checking for sys/sysnvl.h
configure:16150: gcc -c   conftest.c >&5
conftest.c:82:10: fatal error: sys/sysnvl.h: No such file or directory
   82 | #include <sys/sysnvl.h>
      |          ^~~~~~~~~~~~~~
compilation terminated.
configure:16150: $? = 1
configure: failed program was:
| /* confdefs.h */
| #define PACKAGE_NAME "Valgrind"
| #define PACKAGE_TARNAME "valgrind"
| #define PACKAGE_VERSION "3.18.1"
| #define PACKAGE_STRING "Valgrind 3.18.1"
| #define PACKAGE_BUGREPORT "valgrind-users@lists.sourceforge.net"
| #define PACKAGE_URL ""
| #define PACKAGE "valgrind"
| #define VERSION "3.18.1"
| #define GDB_PATH "/usr/bin/gdb"
| #define VG_TMPDIR "/tmp"
| #define HAVE_STDIO_H 1
| #define HAVE_STDLIB_H 1
| #define HAVE_STRING_H 1
| #define HAVE_INTTYPES_H 1
| #define HAVE_STDINT_H 1
| #define HAVE_STRINGS_H 1
| #define HAVE_SYS_STAT_H 1
| #define HAVE_SYS_TYPES_H 1
| #define HAVE_UNISTD_H 1
| #define HAVE_SYS_TIME_H 1
| #define HAVE_SYS_PARAM_H 1
| #define STDC_HEADERS 1
| #define GLIBC_MANDATORY_STRLEN_REDIRECT 1
| #define GLIBC_MANDATORY_INDEX_AND_STRLEN_REDIRECT 1
| #define HAVE_PTRACE_GETREGS 1
| #define HAVE_CLOCK_MONOTONIC 1
| #define HAVE_ELF32_CHDR 1
| #define HAVE_ELF64_CHDR 1
| #define HAVE_PTHREAD_RWLOCK_T 1
| #define HAVE_PTHREAD_MUTEX_ADAPTIVE_NP 1
| #define HAVE_PTHREAD_MUTEX_ERRORCHECK_NP 1
| #define HAVE_PTHREAD_MUTEX_RECURSIVE_NP 1
| #define HAVE_PTHREAD_RECURSIVE_MUTEX_INITIALIZER_NP 1
| #define HAVE_PTHREAD_MUTEX_T__DATA__KIND 1
| #define HAVE_DLINFO_RTLD_DI_TLS_MODID 1
| #define HAVE_EVENTFD 1
| #define HAVE_EVENTFD_READ 1
| #define HAVE_SYS_USER_REGS 1
| #define HAVE_AS_AMD64_FXSAVE64 1
| #define HAVE_TLS 1
| #define HAVE_ASM_UNISTD_H 1
| #define HAVE_ENDIAN_H 1
| #define HAVE_MQUEUE_H 1
| #define HAVE_SYS_EPOLL_H 1
| #define HAVE_SYS_EVENTFD_H 1
| #define HAVE_SYS_KLOG_H 1
| #define HAVE_SYS_POLL_H 1
| #define HAVE_SYS_PRCTL_H 1
| #define HAVE_SYS_SIGNAL_H 1
| #define HAVE_SYS_SIGNALFD_H 1
| #define HAVE_SYS_SYSCALL_H 1
| /* end confdefs.h.  */
| #include <stddef.h>
| #ifdef HAVE_STDIO_H
| # include <stdio.h>
| #endif
| #ifdef HAVE_STDLIB_H
| # include <stdlib.h>
| #endif
| #ifdef HAVE_STRING_H
| # include <string.h>
| #endif
| #ifdef HAVE_INTTYPES_H
| # include <inttypes.h>
| #endif
| #ifdef HAVE_STDINT_H
| # include <stdint.h>
| #endif
| #ifdef HAVE_STRINGS_H
| # include <strings.h>
| #endif
| #ifdef HAVE_SYS_TYPES_H
| # include <sys/types.h>
| #endif
| #ifdef HAVE_SYS_STAT_H
| # include <sys/stat.h>
| #endif
| #ifdef HAVE_UNISTD_H
| # include <unistd.h>
| #endif
| #include <sys/sysnvl.h>
configure:16150: result: no
configure:16156: checking for sys/time.h
configure:16156: result: yes
configure:16162: checking for sys/types.h
configure:16162: result: yes
configure:16171: checking if <linux/futex.h> is usable
configure:16191: gcc -c  -D__user=  conftest.c >&5
configure:16191: $? = 0
configure:16198: result: yes
configure:16215: checking for uid_t in sys/types.h
configure:16236: result: yes
configure:16247: checking for off_t
configure:16247: gcc -c   conftest.c >&5
configure:16247: $? = 0
configure:16247: gcc -c   conftest.c >&5
conftest.c: In function 'main':
conftest.c:88:20: error: expected expression before ')' token
   88 | if (sizeof ((off_t)))
      |                    ^
configure:16247: $? = 1
configure: failed program was:
| /* confdefs.h */
| #define PACKAGE_NAME "Valgrind"
| #define PACKAGE_TARNAME "valgrind"
| #define PACKAGE_VERSION "3.18.1"
| #define PACKAGE_STRING "Valgrind 3.18.1"
| #define PACKAGE_BUGREPORT "valgrind-users@lists.sourceforge.net"
| #define PACKAGE_URL ""
| #define PACKAGE "valgrind"
| #define VERSION "3.18.1"
| #define GDB_PATH "/usr/bin/gdb"
| #define VG_TMPDIR "/tmp"
| #define HAVE_STDIO_H 1
| #define HAVE_STDLIB_H 1
| #define HAVE_STRING_H 1
| #define HAVE_INTTYPES_H 1
| #define HAVE_STDINT_H 1
| #define HAVE_STRINGS_H 1
| #define HAVE_SYS_STAT_H 1
| #define HAVE_SYS_TYPES_H 1
| #define HAVE_UNISTD_H 1
| #define HAVE_SYS_TIME_H 1
| #define HAVE_SYS_PARAM_H 1
| #define STDC_HEADERS 1
| #define GLIBC_MANDATORY_STRLEN_REDIRECT 1
| #define GLIBC_MANDATORY_INDEX_AND_STRLEN_REDIRECT 1
| #define HAVE_PTRACE_GETREGS 1
| #define HAVE_CLOCK_MONOTONIC 1
| #define HAVE_ELF32_CHDR 1
| #define HAVE_ELF64_CHDR 1
| #define HAVE_PTHREAD_RWLOCK_T 1
| #define HAVE_PTHREAD_MUTEX_ADAPTIVE_NP 1
| #define HAVE_PTHREAD_MUTEX_ERRORCHECK_NP 1
| #define HAVE_PTHREAD_MUTEX_RECURSIVE_NP 1
| #define HAVE_PTHREAD_RECURSIVE_MUTEX_INITIALIZER_NP 1
| #define HAVE_PTHREAD_MUTEX_T__DATA__KIND 1
| #define HAVE_DLINFO_RTLD_DI_TLS_MODID 1
| #define HAVE_EVENTFD 1
| #define HAVE_EVENTFD_READ 1
| #define HAVE_SYS_USER_REGS 1
| #define HAVE_AS_AMD64_FXSAVE64 1
| #define HAVE_TLS 1
| #define HAVE_ASM_UNISTD_H 1
| #define HAVE_ENDIAN_H 1
| #define HAVE_MQUEUE_H 1
| #define HAVE_SYS_EPOLL_H 1
| #define HAVE_SYS_EVENTFD_H 1
| #define HAVE_SYS_KLOG_H 1
| #define HAVE_SYS_POLL_H 1
| #define HAVE_SYS_PRCTL_H 1
| #define HAVE_SYS_SIGNAL_H 1
| #define HAVE_SYS_SIGNALFD_H 1
| #define HAVE_SYS_SYSCALL_H 1
| #define HAVE_SYS_TIME_H 1
| #define HAVE_SYS_TYPES_H 1
| #define HAVE_USABLE_LINUX_FUTEX_H 1
| /* end confdefs.h.  */
| #include <stddef.h>
| #ifdef HAVE_STDIO_H
| # include <stdio.h>
| #endif
| #ifdef HAVE_STDLIB_H
| # include <stdlib.h>
| #endif
| #ifdef HAVE_STRING_H
| # include <string.h>
| #endif
| #ifdef HAVE_INTTYPES_H
| # include <inttypes.h>
| #endif
| #ifdef HAVE_STDINT_H
| # include <stdint.h>
| #endif
| #ifdef HAVE_STRINGS_H
| # include <strings.h>
| #endif
| #ifdef HAVE_SYS_TYPES_H
| # include <sys/types.h>
| #endif
| #ifdef HAVE_SYS_STAT_H
| # include <sys/stat.h>
| #endif
| #ifdef HAVE_UNISTD_H
| # include <unistd.h>
| #endif
| int
| main (void)
| {
| if (sizeof ((off_t)))
| 	    return 0;
|   ;
|   return 0;
| }
configure:16247: result: yes
configure:16257: checking for size_t
configure:16257: gcc -c   conftest.c >&5
configure:16257: $? = 0
configure:16257: gcc -c   conftest.c >&5
conftest.c: In function 'main':
conftest.c:88:21: error: expected expression before ')' token
   88 | if (sizeof ((size_t)))
      |                     ^
configure:16257: $? = 1
configure: failed program was:
| /* confdefs.h */
| #define PACKAGE_NAME "Valgrind"
| #define PACKAGE_TARNAME "valgrind"
| #define PACKAGE_VERSION "3.18.1"
| #define PACKAGE_STRING "Valgrind 3.18.1"
| #define PACKAGE_BUGREPORT "valgrind-users@lists.sourceforge.net"
| #define PACKAGE_URL ""
| #define PACKAGE "valgrind"
| #define VERSION "3.18.1"
| #define GDB_PATH "/usr/bin/gdb"
| #define VG_TMPDIR "/tmp"
| #define HAVE_STDIO_H 1
| #define HAVE_STDLIB_H 1
| #define HAVE_STRING_H 1
| #define HAVE_INTTYPES_H 1
| #define HAVE_STDINT_H 1
| #define HAVE_STRINGS_H 1
| #define HAVE_SYS_STAT_H 1
| #define HAVE_SYS_TYPES_H 1
| #define HAVE_UNISTD_H 1
| #define HAVE_SYS_TIME_H 1
| #define HAVE_SYS_PARAM_H 1
| #define STDC_HEADERS 1
| #define GLIBC_MANDATORY_STRLEN_REDIRECT 1
| #define GLIBC_MANDATORY_INDEX_AND_STRLEN_REDIRECT 1
| #define HAVE_PTRACE_GETREGS 1
| #define HAVE_CLOCK_MONOTONIC 1
| #define HAVE_ELF32_CHDR 1
| #define HAVE_ELF64_CHDR 1
| #define HAVE_PTHREAD_RWLOCK_T 1
| #define HAVE_PTHREAD_MUTEX_ADAPTIVE_NP 1
| #define HAVE_PTHREAD_MUTEX_ERRORCHECK_NP 1
| #define HAVE_PTHREAD_MUTEX_RECURSIVE_NP 1
| #define HAVE_PTHREAD_RECURSIVE_MUTEX_INITIALIZER_NP 1
| #define HAVE_PTHREAD_MUTEX_T__DATA__KIND 1
| #define HAVE_DLINFO_RTLD_DI_TLS_MODID 1
| #define HAVE_EVENTFD 1
| #define HAVE_EVENTFD_READ 1
| #define HAVE_SYS_USER_REGS 1
| #define HAVE_AS_AMD64_FXSAVE64 1
| #define HAVE_TLS 1
| #define HAVE_ASM_UNISTD_H 1
| #define HAVE_ENDIAN_H 1
| #define HAVE_MQUEUE_H 1
| #define HAVE_SYS_EPOLL_H 1
| #define HAVE_SYS_EVENTFD_H 1
| #define HAVE_SYS_KLOG_H 1
| #define HAVE_SYS_POLL_H 1
| #define HAVE_SYS_PRCTL_H 1
| #define HAVE_SYS_SIGNAL_H 1
| #define HAVE_SYS_SIGNALFD_H 1
| #define HAVE_SYS_SYSCALL_H 1
| #define HAVE_SYS_TIME_H 1
| #define HAVE_SYS_TYPES_H 1
| #define HAVE_USABLE_LINUX_FUTEX_H 1
| /* end confdefs.h.  */
| #include <stddef.h>
| #ifdef HAVE_STDIO_H
| # include <stdio.h>
| #endif
| #ifdef HAVE_STDLIB_H
| # include <stdlib.h>
| #endif
| #ifdef HAVE_STRING_H
| # include <string.h>
| #endif
| #ifdef HAVE_INTTYPES_H
| # include <inttypes.h>
| #endif
| #ifdef HAVE_STDINT_H
| # include <stdint.h>
| #endif
| #ifdef HAVE_STRINGS_H
| # include <strings.h>
| #endif
| #ifdef HAVE_SYS_TYPES_H
| # include <sys/types.h>
| #endif
| #ifdef HAVE_SYS_STAT_H
| # include <sys/stat.h>
| #endif
| #ifdef HAVE_UNISTD_H
| # include <unistd.h>
| #endif
| int
| main (void)
| {
| if (sizeof ((size_t)))
| 	    return 0;
|   ;
|   return 0;
| }
configure:16257: result: yes
configure:16282: checking for working memcmp
configure:16327: gcc -o conftest    conftest.c  >&5
configure:16327: $? = 0
configure:16327: ./conftest
configure:16327: $? = 0
configure:16338: result: yes
configure:16352: checking for getpagesize
configure:16352: gcc -o conftest    conftest.c  >&5
configure:16352: $? = 0
configure:16352: result: yes
configure:16363: checking for working mmap
configure:16515: gcc -o conftest    conftest.c  >&5
configure:16515: $? = 0
configure:16515: ./conftest
configure:16515: $? = 0
configure:16526: result: yes
configure:16536: checking for pthread_create in -lpthread
configure:16559: gcc -o conftest    conftest.c -lpthread   >&5
configure:16559: $? = 0
configure:16569: result: yes
configure:16579: checking for clock_gettime in -lrt
configure:16602: gcc -o conftest    conftest.c -lrt  -lpthread  >&5
configure:16602: $? = 0
configure:16612: result: yes
configure:16623: checking for clock_gettime
configure:16623: gcc -o conftest    conftest.c -lrt -lpthread  >&5
configure:16623: $? = 0
configure:16623: result: yes
configure:16629: checking for copy_file_range
configure:16629: gcc -o conftest    conftest.c -lrt -lpthread  >&5
configure:16629: $? = 0
configure:16629: result: yes
configure:16635: checking for epoll_create
configure:16635: gcc -o conftest    conftest.c -lrt -lpthread  >&5
configure:16635: $? = 0
configure:16635: result: yes
configure:16641: checking for epoll_pwait
configure:16641: gcc -o conftest    conftest.c -lrt -lpthread  >&5
configure:16641: $? = 0
configure:16641: result: yes
configure:16647: checking for klogctl
configure:16647: gcc -o conftest    conftest.c -lrt -lpthread  >&5
configure:16647: $? = 0
configure:16647: result: yes
configure:16653: checking for mallinfo
configure:16653: gcc -o conftest    conftest.c -lrt -lpthread  >&5
configure:16653: $? = 0
configure:16653: result: yes
configure:16659: checking for memchr
configure:16659: gcc -o conftest    conftest.c -lrt -lpthread  >&5
conftest.c:84:6: warning: conflicting types for built-in function 'memchr'; expected 'void *(const void *, int,  long unsigned int)' [-Wbuiltin-declaration-mismatch]
   84 | char memchr ();
      |      ^~~~~~
conftest.c:76:1: note: 'memchr' is declared in header '<string.h>'
   75 | #include <limits.h>
   76 | #undef memchr
configure:16659: $? = 0
configure:16659: result: yes
configure:16665: checking for memfd_create
configure:16665: gcc -o conftest    conftest.c -lrt -lpthread  >&5
configure:16665: $? = 0
configure:16665: result: yes
configure:16671: checking for memset
configure:16671: gcc -o conftest    conftest.c -lrt -lpthread  >&5
conftest.c:86:6: warning: conflicting types for built-in function 'memset'; expected 'void *(void *, int,  long unsigned int)' [-Wbuiltin-declaration-mismatch]
   86 | char memset ();
      |      ^~~~~~
conftest.c:78:1: note: 'memset' is declared in header '<string.h>'
   77 | #include <limits.h>
   78 | #undef memset
configure:16671: $? = 0
configure:16671: result: yes
configure:16677: checking for mkdir
configure:16677: gcc -o conftest    conftest.c -lrt -lpthread  >&5
configure:16677: $? = 0
configure:16677: result: yes
configure:16683: checking for mremap
configure:16683: gcc -o conftest    conftest.c -lrt -lpthread  >&5
configure:16683: $? = 0
configure:16683: result: yes
configure:16689: checking for ppoll
configure:16689: gcc -o conftest    conftest.c -lrt -lpthread  >&5
configure:16689: $? = 0
configure:16689: result: yes
configure:16695: checking for preadv
configure:16695: gcc -o conftest    conftest.c -lrt -lpthread  >&5
configure:16695: $? = 0
configure:16695: result: yes
configure:16701: checking for preadv2
configure:16701: gcc -o conftest    conftest.c -lrt -lpthread  >&5
configure:16701: $? = 0
configure:16701: result: yes
configure:16707: checking for process_vm_readv
configure:16707: gcc -o conftest    conftest.c -lrt -lpthread  >&5
configure:16707: $? = 0
configure:16707: result: yes
configure:16713: checking for process_vm_writev
configure:16713: gcc -o conftest    conftest.c -lrt -lpthread  >&5
configure:16713: $? = 0
configure:16713: result: yes
configure:16719: checking for pthread_barrier_init
configure:16719: gcc -o conftest    conftest.c -lrt -lpthread  >&5
configure:16719: $? = 0
configure:16719: result: yes
configure:16725: checking for pthread_condattr_setclock
configure:16725: gcc -o conftest    conftest.c -lrt -lpthread  >&5
configure:16725: $? = 0
configure:16725: result: yes
configure:16731: checking for pthread_mutex_timedlock
configure:16731: gcc -o conftest    conftest.c -lrt -lpthread  >&5
configure:16731: $? = 0
configure:16731: result: yes
configure:16737: checking for pthread_rwlock_timedrdlock
configure:16737: gcc -o conftest    conftest.c -lrt -lpthread  >&5
configure:16737: $? = 0
configure:16737: result: yes
configure:16743: checking for pthread_rwlock_timedwrlock
configure:16743: gcc -o conftest    conftest.c -lrt -lpthread  >&5
configure:16743: $? = 0
configure:16743: result: yes
configure:16749: checking for pthread_setname_np
configure:16749: gcc -o conftest    conftest.c -lrt -lpthread  >&5
configure:16749: $? = 0
configure:16749: result: yes
configure:16755: checking for pthread_spin_lock
configure:16755: gcc -o conftest    conftest.c -lrt -lpthread  >&5
configure:16755: $? = 0
configure:16755: result: yes
configure:16761: checking for pthread_yield
configure:16761: gcc -o conftest    conftest.c -lrt -lpthread  >&5
/usr/bin/ld: /tmp/ccPNEfHx.o: in function `main':
conftest.c:(.text+0xe): undefined reference to `pthread_yield'
collect2: error: ld returned 1 exit status
configure:16761: $? = 1
configure: failed program was:
| /* confdefs.h */
| #define PACKAGE_NAME "Valgrind"
| #define PACKAGE_TARNAME "valgrind"
| #define PACKAGE_VERSION "3.18.1"
| #define PACKAGE_STRING "Valgrind 3.18.1"
| #define PACKAGE_BUGREPORT "valgrind-users@lists.sourceforge.net"
| #define PACKAGE_URL ""
| #define PACKAGE "valgrind"
| #define VERSION "3.18.1"
| #define GDB_PATH "/usr/bin/gdb"
| #define VG_TMPDIR "/tmp"
| #define HAVE_STDIO_H 1
| #define HAVE_STDLIB_H 1
| #define HAVE_STRING_H 1
| #define HAVE_INTTYPES_H 1
| #define HAVE_STDINT_H 1
| #define HAVE_STRINGS_H 1
| #define HAVE_SYS_STAT_H 1
| #define HAVE_SYS_TYPES_H 1
| #define HAVE_UNISTD_H 1
| #define HAVE_SYS_TIME_H 1
| #define HAVE_SYS_PARAM_H 1
| #define STDC_HEADERS 1
| #define GLIBC_MANDATORY_STRLEN_REDIRECT 1
| #define GLIBC_MANDATORY_INDEX_AND_STRLEN_REDIRECT 1
| #define HAVE_PTRACE_GETREGS 1
| #define HAVE_CLOCK_MONOTONIC 1
| #define HAVE_ELF32_CHDR 1
| #define HAVE_ELF64_CHDR 1
| #define HAVE_PTHREAD_RWLOCK_T 1
| #define HAVE_PTHREAD_MUTEX_ADAPTIVE_NP 1
| #define HAVE_PTHREAD_MUTEX_ERRORCHECK_NP 1
| #define HAVE_PTHREAD_MUTEX_RECURSIVE_NP 1
| #define HAVE_PTHREAD_RECURSIVE_MUTEX_INITIALIZER_NP 1
| #define HAVE_PTHREAD_MUTEX_T__DATA__KIND 1
| #define HAVE_DLINFO_RTLD_DI_TLS_MODID 1
| #define HAVE_EVENTFD 1
| #define HAVE_EVENTFD_READ 1
| #define HAVE_SYS_USER_REGS 1
| #define HAVE_AS_AMD64_FXSAVE64 1
| #define HAVE_TLS 1
| #define HAVE_ASM_UNISTD_H 1
| #define HAVE_ENDIAN_H 1
| #define HAVE_MQUEUE_H 1
| #define HAVE_SYS_EPOLL_H 1
| #define HAVE_SYS_EVENTFD_H 1
| #define HAVE_SYS_KLOG_H 1
| #define HAVE_SYS_POLL_H 1
| #define HAVE_SYS_PRCTL_H 1
| #define HAVE_SYS_SIGNAL_H 1
| #define HAVE_SYS_SIGNALFD_H 1
| #define HAVE_SYS_SYSCALL_H 1
| #define HAVE_SYS_TIME_H 1
| #define HAVE_SYS_TYPES_H 1
| #define HAVE_USABLE_LINUX_FUTEX_H 1
| #define TIME_WITH_SYS_TIME 1
| #define HAVE_GETPAGESIZE 1
| #define HAVE_MMAP 1
| #define HAVE_LIBPTHREAD 1
| #define HAVE_LIBRT 1
| #define HAVE_CLOCK_GETTIME 1
| #define HAVE_COPY_FILE_RANGE 1
| #define HAVE_EPOLL_CREATE 1
| #define HAVE_EPOLL_PWAIT 1
| #define HAVE_KLOGCTL 1
| #define HAVE_MALLINFO 1
| #define HAVE_MEMCHR 1
| #define HAVE_MEMFD_CREATE 1
| #define HAVE_MEMSET 1
| #define HAVE_MKDIR 1
| #define HAVE_MREMAP 1
| #define HAVE_PPOLL 1
| #define HAVE_PREADV 1
| #define HAVE_PREADV2 1
| #define HAVE_PROCESS_VM_READV 1
| #define HAVE_PROCESS_VM_WRITEV 1
| #define HAVE_PTHREAD_BARRIER_INIT 1
| #define HAVE_PTHREAD_CONDATTR_SETCLOCK 1
| #define HAVE_PTHREAD_MUTEX_TIMEDLOCK 1
| #define HAVE_PTHREAD_RWLOCK_TIMEDRDLOCK 1
| #define HAVE_PTHREAD_RWLOCK_TIMEDWRLOCK 1
| #define HAVE_PTHREAD_SETNAME_NP 1
| #define HAVE_PTHREAD_SPIN_LOCK 1
| /* end confdefs.h.  */
| /* Define pthread_yield to an innocuous variant, in case <limits.h> declares pthread_yield.
|    For example, HP-UX 11i <limits.h> declares gettimeofday.  */
| #define pthread_yield innocuous_pthread_yield
| 
| /* System header to define __stub macros and hopefully few prototypes,
|    which can conflict with char pthread_yield (); below.  */
| 
| #include <limits.h>
| #undef pthread_yield
| 
| /* Override any GCC internal prototype to avoid an error.
|    Use char because int might match the return type of a GCC
|    builtin and then its argument prototype would still apply.  */
| #ifdef __cplusplus
| extern "C"
| #endif
| char pthread_yield ();
| /* The GNU C library defines this for functions which it implements
|     to always fail with ENOSYS.  Some functions are actually named
|     something starting with __ and the normal name is an alias.  */
| #if defined __stub_pthread_yield || defined __stub___pthread_yield
| choke me
| #endif
| 
| int
| main (void)
| {
| return pthread_yield ();
|   ;
|   return 0;
| }
configure:16761: result: no
configure:16767: checking for pwritev
configure:16767: gcc -o conftest    conftest.c -lrt -lpthread  >&5
configure:16767: $? = 0
configure:16767: result: yes
configure:16773: checking for pwritev2
configure:16773: gcc -o conftest    conftest.c -lrt -lpthread  >&5
configure:16773: $? = 0
configure:16773: result: yes
configure:16779: checking for readlinkat
configure:16779: gcc -o conftest    conftest.c -lrt -lpthread  >&5
configure:16779: $? = 0
configure:16779: result: yes
configure:16785: checking for semtimedop
configure:16785: gcc -o conftest    conftest.c -lrt -lpthread  >&5
configure:16785: $? = 0
configure:16785: result: yes
configure:16791: checking for setcontext
configure:16791: gcc -o conftest    conftest.c -lrt -lpthread  >&5
configure:16791: $? = 0
configure:16791: result: yes
configure:16797: checking for signalfd
configure:16797: gcc -o conftest    conftest.c -lrt -lpthread  >&5
configure:16797: $? = 0
configure:16797: result: yes
configure:16803: checking for sigwaitinfo
configure:16803: gcc -o conftest    conftest.c -lrt -lpthread  >&5
configure:16803: $? = 0
configure:16803: result: yes
configure:16809: checking for strchr
configure:16809: gcc -o conftest    conftest.c -lrt -lpthread  >&5
conftest.c:108:6: warning: conflicting types for built-in function 'strchr'; expected 'char *(const char *, int)' [-Wbuiltin-declaration-mismatch]
  108 | char strchr ();
      |      ^~~~~~
conftest.c:100:1: note: 'strchr' is declared in header '<string.h>'
   99 | #include <limits.h>
  100 | #undef strchr
configure:16809: $? = 0
configure:16809: result: yes
configure:16815: checking for strdup
configure:16815: gcc -o conftest    conftest.c -lrt -lpthread  >&5
conftest.c:109:6: warning: conflicting types for built-in function 'strdup'; expected 'char *(const char *)' [-Wbuiltin-declaration-mismatch]
  109 | char strdup ();
      |      ^~~~~~
configure:16815: $? = 0
configure:16815: result: yes
configure:16821: checking for strpbrk
configure:16821: gcc -o conftest    conftest.c -lrt -lpthread  >&5
conftest.c:110:6: warning: conflicting types for built-in function 'strpbrk'; expected 'char *(const char *, const char *)' [-Wbuiltin-declaration-mismatch]
  110 | char strpbrk ();
      |      ^~~~~~~
conftest.c:102:1: note: 'strpbrk' is declared in header '<string.h>'
  101 | #include <limits.h>
  102 | #undef strpbrk
configure:16821: $? = 0
configure:16821: result: yes
configure:16827: checking for strrchr
configure:16827: gcc -o conftest    conftest.c -lrt -lpthread  >&5
conftest.c:111:6: warning: conflicting types for built-in function 'strrchr'; expected 'char *(const char *, int)' [-Wbuiltin-declaration-mismatch]
  111 | char strrchr ();
      |      ^~~~~~~
conftest.c:103:1: note: 'strrchr' is declared in header '<string.h>'
  102 | #include <limits.h>
  103 | #undef strrchr
configure:16827: $? = 0
configure:16827: result: yes
configure:16833: checking for strstr
configure:16833: gcc -o conftest    conftest.c -lrt -lpthread  >&5
conftest.c:112:6: warning: conflicting types for built-in function 'strstr'; expected 'char *(const char *, const char *)' [-Wbuiltin-declaration-mismatch]
  112 | char strstr ();
      |      ^~~~~~
conftest.c:104:1: note: 'strstr' is declared in header '<string.h>'
  103 | #include <limits.h>
  104 | #undef strstr
configure:16833: $? = 0
configure:16833: result: yes
configure:16839: checking for swapcontext
configure:16839: gcc -o conftest    conftest.c -lrt -lpthread  >&5
configure:16839: $? = 0
configure:16839: result: yes
configure:16845: checking for syscall
configure:16845: gcc -o conftest    conftest.c -lrt -lpthread  >&5
configure:16845: $? = 0
configure:16845: result: yes
configure:16851: checking for utimensat
configure:16851: gcc -o conftest    conftest.c -lrt -lpthread  >&5
configure:16851: $? = 0
configure:16851: result: yes
configure:16963: checking for mpicc
configure:16987: found /usr/bin/mpicc
configure:17000: result: /usr/bin/mpicc
configure:17085: checking primary target for usable MPI2-compliant C compiler and mpi.h
configure:17113: /usr/bin/mpicc -o conftest -g -O -fno-omit-frame-pointer -Wall -fpic -m64  -fpic -shared -m64 conftest.c  >&5
configure:17113: $? = 0
configure:17117: result: yes, /usr/bin/mpicc
configure:17146: checking secondary target for usable MPI2-compliant C compiler and mpi.h
configure:17178: /usr/bin/mpicc -o conftest -g -O -fno-omit-frame-pointer -Wall -fpic  -m32  -fpic -shared  -m32 conftest.c  >&5
/usr/bin/ld: skipping incompatible /usr/lib/x86_64-linux-gnu/openmpi/lib/libmpi.so when searching for -lmpi
/usr/bin/ld: skipping incompatible /usr/lib/x86_64-linux-gnu/libmpi.so when searching for -lmpi
/usr/bin/ld: cannot find -lmpi: No such file or directory
/usr/bin/ld: skipping incompatible /usr/lib/x86_64-linux-gnu/openmpi/lib/libmpi.so when searching for -lmpi
/usr/bin/ld: skipping incompatible /usr/lib/x86_64-linux-gnu/libmpi.so when searching for -lmpi
collect2: error: ld returned 1 exit status
configure:17178: $? = 1
configure: failed program was:
| /* confdefs.h */
| #define PACKAGE_NAME "Valgrind"
| #define PACKAGE_TARNAME "valgrind"
| #define PACKAGE_VERSION "3.18.1"
| #define PACKAGE_STRING "Valgrind 3.18.1"
| #define PACKAGE_BUGREPORT "valgrind-users@lists.sourceforge.net"
| #define PACKAGE_URL ""
| #define PACKAGE "valgrind"
| #define VERSION "3.18.1"
| #define GDB_PATH "/usr/bin/gdb"
| #define VG_TMPDIR "/tmp"
| #define HAVE_STDIO_H 1
| #define HAVE_STDLIB_H 1
| #define HAVE_STRING_H 1
| #define HAVE_INTTYPES_H 1
| #define HAVE_STDINT_H 1
| #define HAVE_STRINGS_H 1
| #define HAVE_SYS_STAT_H 1
| #define HAVE_SYS_TYPES_H 1
| #define HAVE_UNISTD_H 1
| #define HAVE_SYS_TIME_H 1
| #define HAVE_SYS_PARAM_H 1
| #define STDC_HEADERS 1
| #define GLIBC_MANDATORY_STRLEN_REDIRECT 1
| #define GLIBC_MANDATORY_INDEX_AND_STRLEN_REDIRECT 1
| #define HAVE_PTRACE_GETREGS 1
| #define HAVE_CLOCK_MONOTONIC 1
| #define HAVE_ELF32_CHDR 1
| #define HAVE_ELF64_CHDR 1
| #define HAVE_PTHREAD_RWLOCK_T 1
| #define HAVE_PTHREAD_MUTEX_ADAPTIVE_NP 1
| #define HAVE_PTHREAD_MUTEX_ERRORCHECK_NP 1
| #define HAVE_PTHREAD_MUTEX_RECURSIVE_NP 1
| #define HAVE_PTHREAD_RECURSIVE_MUTEX_INITIALIZER_NP 1
| #define HAVE_PTHREAD_MUTEX_T__DATA__KIND 1
| #define HAVE_DLINFO_RTLD_DI_TLS_MODID 1
| #define HAVE_EVENTFD 1
| #define HAVE_EVENTFD_READ 1
| #define HAVE_SYS_USER_REGS 1
| #define HAVE_AS_AMD64_FXSAVE64 1
| #define HAVE_TLS 1
| #define HAVE_ASM_UNISTD_H 1
| #define HAVE_ENDIAN_H 1
| #define HAVE_MQUEUE_H 1
| #define HAVE_SYS_EPOLL_H 1
| #define HAVE_SYS_EVENTFD_H 1
| #define HAVE_SYS_KLOG_H 1
| #define HAVE_SYS_POLL_H 1
| #define HAVE_SYS_PRCTL_H 1
| #define HAVE_SYS_SIGNAL_H 1
| #define HAVE_SYS_SIGNALFD_H 1
| #define HAVE_SYS_SYSCALL_H 1
| #define HAVE_SYS_TIME_H 1
| #define HAVE_SYS_TYPES_H 1
| #define HAVE_USABLE_LINUX_FUTEX_H 1
| #define TIME_WITH_SYS_TIME 1
| #define HAVE_GETPAGESIZE 1
| #define HAVE_MMAP 1
| #define HAVE_LIBPTHREAD 1
| #define HAVE_LIBRT 1
| #define HAVE_CLOCK_GETTIME 1
| #define HAVE_COPY_FILE_RANGE 1
| #define HAVE_EPOLL_CREATE 1
| #define HAVE_EPOLL_PWAIT 1
| #define HAVE_KLOGCTL 1
| #define HAVE_MALLINFO 1
| #define HAVE_MEMCHR 1
| #define HAVE_MEMFD_CREATE 1
| #define HAVE_MEMSET 1
| #define HAVE_MKDIR 1
| #define HAVE_MREMAP 1
| #define HAVE_PPOLL 1
| #define HAVE_PREADV 1
| #define HAVE_PREADV2 1
| #define HAVE_PROCESS_VM_READV 1
| #define HAVE_PROCESS_VM_WRITEV 1
| #define HAVE_PTHREAD_BARRIER_INIT 1
| #define HAVE_PTHREAD_CONDATTR_SETCLOCK 1
| #define HAVE_PTHREAD_MUTEX_TIMEDLOCK 1
| #define HAVE_PTHREAD_RWLOCK_TIMEDRDLOCK 1
| #define HAVE_PTHREAD_RWLOCK_TIMEDWRLOCK 1
| #define HAVE_PTHREAD_SETNAME_NP 1
| #define HAVE_PTHREAD_SPIN_LOCK 1
| #define HAVE_PWRITEV 1
| #define HAVE_PWRITEV2 1
| #define HAVE_READLINKAT 1
| #define HAVE_SEMTIMEDOP 1
| #define HAVE_SETCONTEXT 1
| #define HAVE_SIGNALFD 1
| #define HAVE_SIGWAITINFO 1
| #define HAVE_STRCHR 1
| #define HAVE_STRDUP 1
| #define HAVE_STRPBRK 1
| #define HAVE_STRRCHR 1
| #define HAVE_STRSTR 1
| #define HAVE_SWAPCONTEXT 1
| #define HAVE_SYSCALL 1
| #define HAVE_UTIMENSAT 1
| /* end confdefs.h.  */
| 
| #include <mpi.h>
| #include <stdio.h>
| 
| int
| main (void)
| {
| 
|   int ni, na, nd, comb;
|   int r = MPI_Init(NULL,NULL);
|   r |= MPI_Type_get_envelope( MPI_INT, &ni, &na, &nd, &comb );
|   r |= MPI_Finalize();
|   return r;
| 
|   ;
|   return 0;
| }
configure:17188: result: no
configure:17229: checking for boost
configure:17256: g++ -o conftest -m64   conftest.cpp -lboost_thread-mt -lboost_system-mt  >&5
/usr/bin/ld: cannot find -lboost_thread-mt: No such file or directory
/usr/bin/ld: cannot find -lboost_system-mt: No such file or directory
collect2: error: ld returned 1 exit status
configure:17256: $? = 1
configure: failed program was:
| /* confdefs.h */
| #define PACKAGE_NAME "Valgrind"
| #define PACKAGE_TARNAME "valgrind"
| #define PACKAGE_VERSION "3.18.1"
| #define PACKAGE_STRING "Valgrind 3.18.1"
| #define PACKAGE_BUGREPORT "valgrind-users@lists.sourceforge.net"
| #define PACKAGE_URL ""
| #define PACKAGE "valgrind"
| #define VERSION "3.18.1"
| #define GDB_PATH "/usr/bin/gdb"
| #define VG_TMPDIR "/tmp"
| #define HAVE_STDIO_H 1
| #define HAVE_STDLIB_H 1
| #define HAVE_STRING_H 1
| #define HAVE_INTTYPES_H 1
| #define HAVE_STDINT_H 1
| #define HAVE_STRINGS_H 1
| #define HAVE_SYS_STAT_H 1
| #define HAVE_SYS_TYPES_H 1
| #define HAVE_UNISTD_H 1
| #define HAVE_SYS_TIME_H 1
| #define HAVE_SYS_PARAM_H 1
| #define STDC_HEADERS 1
| #define GLIBC_MANDATORY_STRLEN_REDIRECT 1
| #define GLIBC_MANDATORY_INDEX_AND_STRLEN_REDIRECT 1
| #define HAVE_PTRACE_GETREGS 1
| #define HAVE_CLOCK_MONOTONIC 1
| #define HAVE_ELF32_CHDR 1
| #define HAVE_ELF64_CHDR 1
| #define HAVE_PTHREAD_RWLOCK_T 1
| #define HAVE_PTHREAD_MUTEX_ADAPTIVE_NP 1
| #define HAVE_PTHREAD_MUTEX_ERRORCHECK_NP 1
| #define HAVE_PTHREAD_MUTEX_RECURSIVE_NP 1
| #define HAVE_PTHREAD_RECURSIVE_MUTEX_INITIALIZER_NP 1
| #define HAVE_PTHREAD_MUTEX_T__DATA__KIND 1
| #define HAVE_DLINFO_RTLD_DI_TLS_MODID 1
| #define HAVE_EVENTFD 1
| #define HAVE_EVENTFD_READ 1
| #define HAVE_SYS_USER_REGS 1
| #define HAVE_AS_AMD64_FXSAVE64 1
| #define HAVE_TLS 1
| #define HAVE_ASM_UNISTD_H 1
| #define HAVE_ENDIAN_H 1
| #define HAVE_MQUEUE_H 1
| #define HAVE_SYS_EPOLL_H 1
| #define HAVE_SYS_EVENTFD_H 1
| #define HAVE_SYS_KLOG_H 1
| #define HAVE_SYS_POLL_H 1
| #define HAVE_SYS_PRCTL_H 1
| #define HAVE_SYS_SIGNAL_H 1
| #define HAVE_SYS_SIGNALFD_H 1
| #define HAVE_SYS_SYSCALL_H 1
| #define HAVE_SYS_TIME_H 1
| #define HAVE_SYS_TYPES_H 1
| #define HAVE_USABLE_LINUX_FUTEX_H 1
| #define TIME_WITH_SYS_TIME 1
| #define HAVE_GETPAGESIZE 1
| #define HAVE_MMAP 1
| #define HAVE_LIBPTHREAD 1
| #define HAVE_LIBRT 1
| #define HAVE_CLOCK_GETTIME 1
| #define HAVE_COPY_FILE_RANGE 1
| #define HAVE_EPOLL_CREATE 1
| #define HAVE_EPOLL_PWAIT 1
| #define HAVE_KLOGCTL 1
| #define HAVE_MALLINFO 1
| #define HAVE_MEMCHR 1
| #define HAVE_MEMFD_CREATE 1
| #define HAVE_MEMSET 1
| #define HAVE_MKDIR 1
| #define HAVE_MREMAP 1
| #define HAVE_PPOLL 1
| #define HAVE_PREADV 1
| #define HAVE_PREADV2 1
| #define HAVE_PROCESS_VM_READV 1
| #define HAVE_PROCESS_VM_WRITEV 1
| #define HAVE_PTHREAD_BARRIER_INIT 1
| #define HAVE_PTHREAD_CONDATTR_SETCLOCK 1
| #define HAVE_PTHREAD_MUTEX_TIMEDLOCK 1
| #define HAVE_PTHREAD_RWLOCK_TIMEDRDLOCK 1
| #define HAVE_PTHREAD_RWLOCK_TIMEDWRLOCK 1
| #define HAVE_PTHREAD_SETNAME_NP 1
| #define HAVE_PTHREAD_SPIN_LOCK 1
| #define HAVE_PWRITEV 1
| #define HAVE_PWRITEV2 1
| #define HAVE_READLINKAT 1
| #define HAVE_SEMTIMEDOP 1
| #define HAVE_SETCONTEXT 1
| #define HAVE_SIGNALFD 1
| #define HAVE_SIGWAITINFO 1
| #define HAVE_STRCHR 1
| #define HAVE_STRDUP 1
| #define HAVE_STRPBRK 1
| #define HAVE_STRRCHR 1
| #define HAVE_STRSTR 1
| #define HAVE_SWAPCONTEXT 1
| #define HAVE_SYSCALL 1
| #define HAVE_UTIMENSAT 1
| /* end confdefs.h.  */
| 
| #include <boost/thread.hpp>
| static void thread_func(void)
| { }
| int main(int argc, char** argv)
| {
|   boost::thread t(thread_func);
|   return 0;
| }
| 
configure:17269: result: no
configure:17298: checking for OpenMP
configure:17315: gcc -o conftest -fopenmp -m64 -Werror   conftest.c  >&5
configure:17315: $? = 0
configure:17319: result: yes
configure:17344: checking for __builtin_popcount()
configure:17361: gcc -o conftest    conftest.c  >&5
configure:17361: $? = 0
configure:17364: result: yes
configure:17380: checking for __builtin_clz()
configure:17397: gcc -o conftest    conftest.c  >&5
configure:17397: $? = 0
configure:17400: result: yes
configure:17416: checking for __builtin_ctz()
configure:17433: gcc -o conftest    conftest.c  >&5
configure:17433: $? = 0
configure:17436: result: yes
configure:17453: checking if gcc supports __sync_add_and_fetch for the primary target
configure:17474: gcc -o conftest -m64   conftest.c  >&5
configure:17474: $? = 0
configure:17478: result: yes
configure:17511: checking if gcc supports __sync_add_and_fetch for the secondary target
configure:17531: gcc -o conftest  -m32   conftest.c  >&5
configure:17531: $? = 0
configure:17535: result: yes
configure:17564: checking if gcc supports __sync_add_and_fetch on uint64_t for all targets
configure:17583: gcc -o conftest    conftest.c  >&5
configure:17583: $? = 0
configure:17617: gcc -o conftest  -m32   conftest.c  >&5
configure:17617: $? = 0
configure:17637: result: yes
configure:17657: checking if g++ supports __sync_add_and_fetch
configure:17684: g++ -o conftest -m64   conftest.cpp  >&5
configure:17684: $? = 0
configure:17688: result: yes
configure:17751: checking if libstdc++ supports annotating shared pointers
configure:17778: g++ -o conftest -std=c++0x   conftest.cpp  >&5
configure:17778: $? = 0
configure:17811: g++ -o conftest -std=c++0x   conftest.cpp  >&5
/usr/include/c++/11/bits/shared_ptr_base.h: In member function 'void std::_Sp_counted_base<_Lp>::_M_release()':
/usr/include/c++/11/bits/shared_ptr_base.h:164:9: error: lvalue required as decrement operand
  164 |         _GLIBCXX_SYNCHRONIZATION_HAPPENS_BEFORE(&_M_use_count);
/usr/include/c++/11/bits/shared_ptr_base.h:167:13: error: lvalue required as decrement operand
  167 |             _GLIBCXX_SYNCHRONIZATION_HAPPENS_AFTER(&_M_use_count);
/usr/include/c++/11/bits/shared_ptr_base.h:179:13: error: lvalue required as decrement operand
  179 |             _GLIBCXX_SYNCHRONIZATION_HAPPENS_BEFORE(&_M_weak_count);
/usr/include/c++/11/bits/shared_ptr_base.h:183:17: error: lvalue required as decrement operand
  183 |                 _GLIBCXX_SYNCHRONIZATION_HAPPENS_AFTER(&_M_weak_count);
/usr/include/c++/11/bits/shared_ptr_base.h: In member function 'void std::_Sp_counted_base<_Lp>::_M_weak_release()':
/usr/include/c++/11/bits/shared_ptr_base.h:197:9: error: lvalue required as decrement operand
  197 |         _GLIBCXX_SYNCHRONIZATION_HAPPENS_BEFORE(&_M_weak_count);
/usr/include/c++/11/bits/shared_ptr_base.h:200:13: error: lvalue required as decrement operand
  200 |             _GLIBCXX_SYNCHRONIZATION_HAPPENS_AFTER(&_M_weak_count);
configure:17811: $? = 1
configure: failed program was:
| /* confdefs.h */
| #define PACKAGE_NAME "Valgrind"
| #define PACKAGE_TARNAME "valgrind"
| #define PACKAGE_VERSION "3.18.1"
| #define PACKAGE_STRING "Valgrind 3.18.1"
| #define PACKAGE_BUGREPORT "valgrind-users@lists.sourceforge.net"
| #define PACKAGE_URL ""
| #define PACKAGE "valgrind"
| #define VERSION "3.18.1"
| #define GDB_PATH "/usr/bin/gdb"
| #define VG_TMPDIR "/tmp"
| #define HAVE_STDIO_H 1
| #define HAVE_STDLIB_H 1
| #define HAVE_STRING_H 1
| #define HAVE_INTTYPES_H 1
| #define HAVE_STDINT_H 1
| #define HAVE_STRINGS_H 1
| #define HAVE_SYS_STAT_H 1
| #define HAVE_SYS_TYPES_H 1
| #define HAVE_UNISTD_H 1
| #define HAVE_SYS_TIME_H 1
| #define HAVE_SYS_PARAM_H 1
| #define STDC_HEADERS 1
| #define GLIBC_MANDATORY_STRLEN_REDIRECT 1
| #define GLIBC_MANDATORY_INDEX_AND_STRLEN_REDIRECT 1
| #define HAVE_PTRACE_GETREGS 1
| #define HAVE_CLOCK_MONOTONIC 1
| #define HAVE_ELF32_CHDR 1
| #define HAVE_ELF64_CHDR 1
| #define HAVE_PTHREAD_RWLOCK_T 1
| #define HAVE_PTHREAD_MUTEX_ADAPTIVE_NP 1
| #define HAVE_PTHREAD_MUTEX_ERRORCHECK_NP 1
| #define HAVE_PTHREAD_MUTEX_RECURSIVE_NP 1
| #define HAVE_PTHREAD_RECURSIVE_MUTEX_INITIALIZER_NP 1
| #define HAVE_PTHREAD_MUTEX_T__DATA__KIND 1
| #define HAVE_DLINFO_RTLD_DI_TLS_MODID 1
| #define HAVE_EVENTFD 1
| #define HAVE_EVENTFD_READ 1
| #define HAVE_SYS_USER_REGS 1
| #define HAVE_AS_AMD64_FXSAVE64 1
| #define HAVE_TLS 1
| #define HAVE_ASM_UNISTD_H 1
| #define HAVE_ENDIAN_H 1
| #define HAVE_MQUEUE_H 1
| #define HAVE_SYS_EPOLL_H 1
| #define HAVE_SYS_EVENTFD_H 1
| #define HAVE_SYS_KLOG_H 1
| #define HAVE_SYS_POLL_H 1
| #define HAVE_SYS_PRCTL_H 1
| #define HAVE_SYS_SIGNAL_H 1
| #define HAVE_SYS_SIGNALFD_H 1
| #define HAVE_SYS_SYSCALL_H 1
| #define HAVE_SYS_TIME_H 1
| #define HAVE_SYS_TYPES_H 1
| #define HAVE_USABLE_LINUX_FUTEX_H 1
| #define TIME_WITH_SYS_TIME 1
| #define HAVE_GETPAGESIZE 1
| #define HAVE_MMAP 1
| #define HAVE_LIBPTHREAD 1
| #define HAVE_LIBRT 1
| #define HAVE_CLOCK_GETTIME 1
| #define HAVE_COPY_FILE_RANGE 1
| #define HAVE_EPOLL_CREATE 1
| #define HAVE_EPOLL_PWAIT 1
| #define HAVE_KLOGCTL 1
| #define HAVE_MALLINFO 1
| #define HAVE_MEMCHR 1
| #define HAVE_MEMFD_CREATE 1
| #define HAVE_MEMSET 1
| #define HAVE_MKDIR 1
| #define HAVE_MREMAP 1
| #define HAVE_PPOLL 1
| #define HAVE_PREADV 1
| #define HAVE_PREADV2 1
| #define HAVE_PROCESS_VM_READV 1
| #define HAVE_PROCESS_VM_WRITEV 1
| #define HAVE_PTHREAD_BARRIER_INIT 1
| #define HAVE_PTHREAD_CONDATTR_SETCLOCK 1
| #define HAVE_PTHREAD_MUTEX_TIMEDLOCK 1
| #define HAVE_PTHREAD_RWLOCK_TIMEDRDLOCK 1
| #define HAVE_PTHREAD_RWLOCK_TIMEDWRLOCK 1
| #define HAVE_PTHREAD_SETNAME_NP 1
| #define HAVE_PTHREAD_SPIN_LOCK 1
| #define HAVE_PWRITEV 1
| #define HAVE_PWRITEV2 1
| #define HAVE_READLINKAT 1
| #define HAVE_SEMTIMEDOP 1
| #define HAVE_SETCONTEXT 1
| #define HAVE_SIGNALFD 1
| #define HAVE_SIGWAITINFO 1
| #define HAVE_STRCHR 1
| #define HAVE_STRDUP 1
| #define HAVE_STRPBRK 1
| #define HAVE_STRRCHR 1
| #define HAVE_STRSTR 1
| #define HAVE_SWAPCONTEXT 1
| #define HAVE_SYSCALL 1
| #define HAVE_UTIMENSAT 1
| #define HAVE_BUILTIN_POPCOUT 1
| #define HAVE_BUILTIN_CLZ 1
| #define HAVE_BUILTIN_CTZ 1
| #define HAVE_BUILTIN_ATOMIC 1
| #define HAVE_BUILTIN_ATOMIC_CXX 1
| /* end confdefs.h.  */
| 
|     #define _GLIBCXX_SYNCHRONIZATION_HAPPENS_BEFORE(a) (a)----
|     #define _GLIBCXX_SYNCHRONIZATION_HAPPENS_AFTER(a) (a)----
|     #include <memory>
| 
| int
| main (void)
| {
| 
|     std::shared_ptr<int> p
| 
|   ;
|   return 0;
| }
configure:17821: result: yes
configure:18004: checking that generated files are newer than configure
configure:18010: result: done
configure:18709: creating ./config.status

## ---------------------- ##
## Running config.status. ##
## ---------------------- ##

This file was extended by Valgrind config.status 3.18.1, which was
generated by GNU Autoconf 2.71.  Invocation command line was

  CONFIG_FILES    = 
  CONFIG_HEADERS  = 
  CONFIG_LINKS    = 
  CONFIG_COMMANDS = 
  $ ./config.status 

on mc18.cs.purdue.edu

config.status:1435: creating Makefile
config.status:1435: creating VEX/Makefile
config.status:1435: creating valgrind.spec
config.status:1435: creating valgrind.pc
config.status:1435: creating glibc-2.X.supp
config.status:1435: creating glibc-2.X-helgrind.supp
config.status:1435: creating glibc-2.X-drd.supp
config.status:1435: creating docs/Makefile
config.status:1435: creating tests/Makefile
config.status:1435: creating tests/vg_regtest
config.status:1435: creating perf/Makefile
config.status:1435: creating perf/vg_perf
config.status:1435: creating gdbserver_tests/Makefile
config.status:1435: creating gdbserver_tests/solaris/Makefile
config.status:1435: creating include/Makefile
config.status:1435: creating auxprogs/Makefile
config.status:1435: creating mpi/Makefile
config.status:1435: creating coregrind/Makefile
config.status:1435: creating memcheck/Makefile
config.status:1435: creating memcheck/tests/Makefile
config.status:1435: creating memcheck/tests/common/Makefile
config.status:1435: creating memcheck/tests/amd64/Makefile
config.status:1435: creating memcheck/tests/x86/Makefile
config.status:1435: creating memcheck/tests/linux/Makefile
config.status:1435: creating memcheck/tests/linux/debuginfod-check.vgtest
config.status:1435: creating memcheck/tests/darwin/Makefile
config.status:1435: creating memcheck/tests/solaris/Makefile
config.status:1435: creating memcheck/tests/freebsd/Makefile
config.status:1435: creating memcheck/tests/amd64-linux/Makefile
config.status:1435: creating memcheck/tests/arm64-linux/Makefile
config.status:1435: creating memcheck/tests/x86-linux/Makefile
config.status:1435: creating memcheck/tests/amd64-solaris/Makefile
config.status:1435: creating memcheck/tests/x86-solaris/Makefile
config.status:1435: creating memcheck/tests/amd64-freebsd/Makefile
config.status:1435: creating memcheck/tests/x86-freebsd/Makefile
config.status:1435: creating memcheck/tests/ppc32/Makefile
config.status:1435: creating memcheck/tests/ppc64/Makefile
config.status:1435: creating memcheck/tests/s390x/Makefile
config.status:1435: creating memcheck/tests/mips32/Makefile
config.status:1435: creating memcheck/tests/mips64/Makefile
config.status:1435: creating memcheck/tests/vbit-test/Makefile
config.status:1435: creating cachegrind/Makefile
config.status:1435: creating cachegrind/tests/Makefile
config.status:1435: creating cachegrind/tests/x86/Makefile
config.status:1435: creating cachegrind/cg_annotate
config.status:1435: creating cachegrind/cg_diff
config.status:1435: creating callgrind/Makefile
config.status:1435: creating callgrind/callgrind_annotate
config.status:1435: creating callgrind/callgrind_control
config.status:1435: creating callgrind/tests/Makefile
config.status:1435: creating helgrind/Makefile
config.status:1435: creating helgrind/tests/Makefile
config.status:1435: creating drd/Makefile
config.status:1435: creating drd/scripts/download-and-build-splash2
config.status:1435: creating drd/tests/Makefile
config.status:1435: creating massif/Makefile
config.status:1435: creating massif/tests/Makefile
config.status:1435: creating massif/ms_print
config.status:1435: creating dhat/Makefile
config.status:1435: creating dhat/tests/Makefile
config.status:1435: creating lackey/Makefile
config.status:1435: creating lackey/tests/Makefile
config.status:1435: creating none/Makefile
config.status:1435: creating none/tests/Makefile
config.status:1435: creating none/tests/scripts/Makefile
config.status:1435: creating none/tests/amd64/Makefile
config.status:1435: creating none/tests/ppc32/Makefile
config.status:1435: creating none/tests/ppc64/Makefile
config.status:1435: creating none/tests/x86/Makefile
config.status:1435: creating none/tests/arm/Makefile
config.status:1435: creating none/tests/arm64/Makefile
config.status:1435: creating none/tests/s390x/Makefile
config.status:1435: creating none/tests/mips32/Makefile
config.status:1435: creating none/tests/mips64/Makefile
config.status:1435: creating none/tests/nanomips/Makefile
config.status:1435: creating none/tests/linux/Makefile
config.status:1435: creating none/tests/darwin/Makefile
config.status:1435: creating none/tests/solaris/Makefile
config.status:1435: creating none/tests/freebsd/Makefile
config.status:1435: creating none/tests/amd64-linux/Makefile
config.status:1435: creating none/tests/x86-linux/Makefile
config.status:1435: creating none/tests/amd64-darwin/Makefile
config.status:1435: creating none/tests/x86-darwin/Makefile
config.status:1435: creating none/tests/amd64-solaris/Makefile
config.status:1435: creating none/tests/x86-solaris/Makefile
config.status:1435: creating exp-bbv/Makefile
config.status:1435: creating exp-bbv/tests/Makefile
config.status:1435: creating exp-bbv/tests/x86/Makefile
config.status:1435: creating exp-bbv/tests/x86-linux/Makefile
config.status:1435: creating exp-bbv/tests/amd64-linux/Makefile
config.status:1435: creating exp-bbv/tests/ppc32-linux/Makefile
config.status:1435: creating exp-bbv/tests/arm-linux/Makefile
config.status:1435: creating shared/Makefile
config.status:1435: creating solaris/Makefile
config.status:1435: creating depAnalysis/Makefile
config.status:1435: creating depAnalysis/docs/Makefile
config.status:1435: creating depAnalysis/tests/Makefile
config.status:1435: creating coregrind/link_tool_exe_linux
config.status:1435: creating coregrind/link_tool_exe_freebsd
config.status:1435: creating coregrind/link_tool_exe_darwin
config.status:1435: creating coregrind/link_tool_exe_solaris
config.status:1435: creating tests/filter_stderr_basic
config.status:1435: creating tests/filter_discards
config.status:1435: creating memcheck/tests/filter_stderr
config.status:1435: creating memcheck/tests/filter_dw4
config.status:1435: creating memcheck/tests/filter_overlaperror
config.status:1435: creating memcheck/tests/x86/filter_pushfpopf
config.status:1435: creating gdbserver_tests/filter_gdb
config.status:1435: creating gdbserver_tests/filter_memcheck_monitor
config.status:1435: creating gdbserver_tests/filter_stderr
config.status:1435: creating gdbserver_tests/filter_vgdb
config.status:1435: creating drd/tests/filter_stderr
config.status:1435: creating drd/tests/filter_error_count
config.status:1435: creating drd/tests/filter_error_summary
config.status:1435: creating drd/tests/filter_stderr_and_thread_no_and_offset
config.status:1435: creating drd/tests/filter_thread_no
config.status:1435: creating drd/tests/filter_xml_and_thread_no
config.status:1435: creating helgrind/tests/filter_stderr
config.status:1435: creating config.h
config.status:1616: config.h is unchanged
config.status:1664: executing depfiles commands
config.status:1741: cd VEX       && sed -e '/# am--include-marker/d' Makefile         | make -f - am--depfiles
make: Nothing to be done for 'am--depfiles'.
config.status:1746: $? = 0
config.status:1741: cd tests       && sed -e '/# am--include-marker/d' Makefile         | make -f - am--depfiles
make: Nothing to be done for 'am--depfiles'.
config.status:1746: $? = 0
config.status:1741: cd perf       && sed -e '/# am--include-marker/d' Makefile         | make -f - am--depfiles
make: Nothing to be done for 'am--depfiles'.
config.status:1746: $? = 0
config.status:1741: cd gdbserver_tests       && sed -e '/# am--include-marker/d' Makefile         | make -f - am--depfiles
make: Nothing to be done for 'am--depfiles'.
config.status:1746: $? = 0
config.status:1741: cd auxprogs       && sed -e '/# am--include-marker/d' Makefile         | make -f - am--depfiles
make: Nothing to be done for 'am--depfiles'.
config.status:1746: $? = 0
config.status:1741: cd mpi       && sed -e '/# am--include-marker/d' Makefile         | make -f - am--depfiles
make: Nothing to be done for 'am--depfiles'.
config.status:1746: $? = 0
config.status:1741: cd coregrind       && sed -e '/# am--include-marker/d' Makefile         | make -f - am--depfiles
make: Nothing to be done for 'am--depfiles'.
config.status:1746: $? = 0
config.status:1741: cd memcheck       && sed -e '/# am--include-marker/d' Makefile         | make -f - am--depfiles
make: Nothing to be done for 'am--depfiles'.
config.status:1746: $? = 0
config.status:1741: cd memcheck/tests       && sed -e '/# am--include-marker/d' Makefile         | make -f - am--depfiles
make: Nothing to be done for 'am--depfiles'.
config.status:1746: $? = 0
config.status:1741: cd memcheck/tests/amd64       && sed -e '/# am--include-marker/d' Makefile         | make -f - am--depfiles
make: Nothing to be done for 'am--depfiles'.
config.status:1746: $? = 0
config.status:1741: cd memcheck/tests/x86       && sed -e '/# am--include-marker/d' Makefile         | make -f - am--depfiles
make: Nothing to be done for 'am--depfiles'.
config.status:1746: $? = 0
config.status:1741: cd memcheck/tests/linux       && sed -e '/# am--include-marker/d' Makefile         | make -f - am--depfiles
make: Nothing to be done for 'am--depfiles'.
config.status:1746: $? = 0
config.status:1741: cd memcheck/tests/darwin       && sed -e '/# am--include-marker/d' Makefile         | make -f - am--depfiles
make: Nothing to be done for 'am--depfiles'.
config.status:1746: $? = 0
config.status:1741: cd memcheck/tests/solaris       && sed -e '/# am--include-marker/d' Makefile         | make -f - am--depfiles
make: Nothing to be done for 'am--depfiles'.
config.status:1746: $? = 0
config.status:1741: cd memcheck/tests/freebsd       && sed -e '/# am--include-marker/d' Makefile         | make -f - am--depfiles
make: Nothing to be done for 'am--depfiles'.
config.status:1746: $? = 0
config.status:1741: cd memcheck/tests/amd64-linux       && sed -e '/# am--include-marker/d' Makefile         | make -f - am--depfiles
make: Nothing to be done for 'am--depfiles'.
config.status:1746: $? = 0
config.status:1741: cd memcheck/tests/arm64-linux       && sed -e '/# am--include-marker/d' Makefile         | make -f - am--depfiles
make: Nothing to be done for 'am--depfiles'.
config.status:1746: $? = 0
config.status:1741: cd memcheck/tests/x86-linux       && sed -e '/# am--include-marker/d' Makefile         | make -f - am--depfiles
make: Nothing to be done for 'am--depfiles'.
config.status:1746: $? = 0
config.status:1741: cd memcheck/tests/amd64-solaris       && sed -e '/# am--include-marker/d' Makefile         | make -f - am--depfiles
make: Nothing to be done for 'am--depfiles'.
config.status:1746: $? = 0
config.status:1741: cd memcheck/tests/x86-solaris       && sed -e '/# am--include-marker/d' Makefile         | make -f - am--depfiles
make: Nothing to be done for 'am--depfiles'.
config.status:1746: $? = 0
config.status:1741: cd memcheck/tests/amd64-freebsd       && sed -e '/# am--include-marker/d' Makefile         | make -f - am--depfiles
make: Nothing to be done for 'am--depfiles'.
config.status:1746: $? = 0
config.status:1741: cd memcheck/tests/x86-freebsd       && sed -e '/# am--include-marker/d' Makefile         | make -f - am--depfiles
make: Nothing to be done for 'am--depfiles'.
config.status:1746: $? = 0
config.status:1741: cd memcheck/tests/ppc32       && sed -e '/# am--include-marker/d' Makefile         | make -f - am--depfiles
make: Nothing to be done for 'am--depfiles'.
config.status:1746: $? = 0
config.status:1741: cd memcheck/tests/ppc64       && sed -e '/# am--include-marker/d' Makefile         | make -f - am--depfiles
make: Nothing to be done for 'am--depfiles'.
config.status:1746: $? = 0
config.status:1741: cd memcheck/tests/s390x       && sed -e '/# am--include-marker/d' Makefile         | make -f - am--depfiles
make: Nothing to be done for 'am--depfiles'.
config.status:1746: $? = 0
config.status:1741: cd memcheck/tests/mips32       && sed -e '/# am--include-marker/d' Makefile         | make -f - am--depfiles
make: Nothing to be done for 'am--depfiles'.
config.status:1746: $? = 0
config.status:1741: cd memcheck/tests/mips64       && sed -e '/# am--include-marker/d' Makefile         | make -f - am--depfiles
make: Nothing to be done for 'am--depfiles'.
config.status:1746: $? = 0
config.status:1741: cd memcheck/tests/vbit-test       && sed -e '/# am--include-marker/d' Makefile         | make -f - am--depfiles
make: Nothing to be done for 'am--depfiles'.
config.status:1746: $? = 0
config.status:1741: cd cachegrind       && sed -e '/# am--include-marker/d' Makefile         | make -f - am--depfiles
make: Nothing to be done for 'am--depfiles'.
config.status:1746: $? = 0
config.status:1741: cd cachegrind/tests       && sed -e '/# am--include-marker/d' Makefile         | make -f - am--depfiles
make: Nothing to be done for 'am--depfiles'.
config.status:1746: $? = 0
config.status:1741: cd cachegrind/tests/x86       && sed -e '/# am--include-marker/d' Makefile         | make -f - am--depfiles
make: Nothing to be done for 'am--depfiles'.
config.status:1746: $? = 0
config.status:1741: cd callgrind       && sed -e '/# am--include-marker/d' Makefile         | make -f - am--depfiles
make: Nothing to be done for 'am--depfiles'.
config.status:1746: $? = 0
config.status:1741: cd callgrind/tests       && sed -e '/# am--include-marker/d' Makefile         | make -f - am--depfiles
make: Nothing to be done for 'am--depfiles'.
config.status:1746: $? = 0
config.status:1741: cd helgrind       && sed -e '/# am--include-marker/d' Makefile         | make -f - am--depfiles
make: Nothing to be done for 'am--depfiles'.
config.status:1746: $? = 0
config.status:1741: cd helgrind/tests       && sed -e '/# am--include-marker/d' Makefile         | make -f - am--depfiles
make: Nothing to be done for 'am--depfiles'.
config.status:1746: $? = 0
config.status:1741: cd drd       && sed -e '/# am--include-marker/d' Makefile         | make -f - am--depfiles
make: Nothing to be done for 'am--depfiles'.
config.status:1746: $? = 0
config.status:1741: cd drd/tests       && sed -e '/# am--include-marker/d' Makefile         | make -f - am--depfiles
make: Nothing to be done for 'am--depfiles'.
config.status:1746: $? = 0
config.status:1741: cd massif       && sed -e '/# am--include-marker/d' Makefile         | make -f - am--depfiles
make: Nothing to be done for 'am--depfiles'.
config.status:1746: $? = 0
config.status:1741: cd massif/tests       && sed -e '/# am--include-marker/d' Makefile         | make -f - am--depfiles
make: Nothing to be done for 'am--depfiles'.
config.status:1746: $? = 0
config.status:1741: cd dhat       && sed -e '/# am--include-marker/d' Makefile         | make -f - am--depfiles
make: Nothing to be done for 'am--depfiles'.
config.status:1746: $? = 0
config.status:1741: cd dhat/tests       && sed -e '/# am--include-marker/d' Makefile         | make -f - am--depfiles
make: Nothing to be done for 'am--depfiles'.
config.status:1746: $? = 0
config.status:1741: cd lackey       && sed -e '/# am--include-marker/d' Makefile         | make -f - am--depfiles
make: Nothing to be done for 'am--depfiles'.
config.status:1746: $? = 0
config.status:1741: cd none       && sed -e '/# am--include-marker/d' Makefile         | make -f - am--depfiles
make: Nothing to be done for 'am--depfiles'.
config.status:1746: $? = 0
config.status:1741: cd none/tests       && sed -e '/# am--include-marker/d' Makefile         | make -f - am--depfiles
make: Nothing to be done for 'am--depfiles'.
config.status:1746: $? = 0
config.status:1741: cd none/tests/amd64       && sed -e '/# am--include-marker/d' Makefile         | make -f - am--depfiles
make: Nothing to be done for 'am--depfiles'.
config.status:1746: $? = 0
config.status:1741: cd none/tests/ppc32       && sed -e '/# am--include-marker/d' Makefile         | make -f - am--depfiles
make: Nothing to be done for 'am--depfiles'.
config.status:1746: $? = 0
config.status:1741: cd none/tests/ppc64       && sed -e '/# am--include-marker/d' Makefile         | make -f - am--depfiles
make: Nothing to be done for 'am--depfiles'.
config.status:1746: $? = 0
config.status:1741: cd none/tests/x86       && sed -e '/# am--include-marker/d' Makefile         | make -f - am--depfiles
make: Nothing to be done for 'am--depfiles'.
config.status:1746: $? = 0
config.status:1741: cd none/tests/arm       && sed -e '/# am--include-marker/d' Makefile         | make -f - am--depfiles
make: Nothing to be done for 'am--depfiles'.
config.status:1746: $? = 0
config.status:1741: cd none/tests/arm64       && sed -e '/# am--include-marker/d' Makefile         | make -f - am--depfiles
make: Nothing to be done for 'am--depfiles'.
config.status:1746: $? = 0
config.status:1741: cd none/tests/s390x       && sed -e '/# am--include-marker/d' Makefile         | make -f - am--depfiles
make: Nothing to be done for 'am--depfiles'.
config.status:1746: $? = 0
config.status:1741: cd none/tests/mips32       && sed -e '/# am--include-marker/d' Makefile         | make -f - am--depfiles
make: Nothing to be done for 'am--depfiles'.
config.status:1746: $? = 0
config.status:1741: cd none/tests/mips64       && sed -e '/# am--include-marker/d' Makefile         | make -f - am--depfiles
make: Nothing to be done for 'am--depfiles'.
config.status:1746: $? = 0
config.status:1741: cd none/tests/nanomips       && sed -e '/# am--include-marker/d' Makefile         | make -f - am--depfiles
make: Nothing to be done for 'am--depfiles'.
config.status:1746: $? = 0
config.status:1741: cd none/tests/linux       && sed -e '/# am--include-marker/d' Makefile         | make -f - am--depfiles
make: Nothing to be done for 'am--depfiles'.
config.status:1746: $? = 0
config.status:1741: cd none/tests/darwin       && sed -e '/# am--include-marker/d' Makefile         | make -f - am--depfiles
make: Nothing to be done for 'am--depfiles'.
config.status:1746: $? = 0
config.status:1741: cd none/tests/solaris       && sed -e '/# am--include-marker/d' Makefile         | make -f - am--depfiles
make: Nothing to be done for 'am--depfiles'.
config.status:1746: $? = 0
config.status:1741: cd none/tests/freebsd       && sed -e '/# am--include-marker/d' Makefile         | make -f - am--depfiles
make: Nothing to be done for 'am--depfiles'.
config.status:1746: $? = 0
config.status:1741: cd none/tests/amd64-linux       && sed -e '/# am--include-marker/d' Makefile         | make -f - am--depfiles
make: Nothing to be done for 'am--depfiles'.
config.status:1746: $? = 0
config.status:1741: cd none/tests/x86-linux       && sed -e '/# am--include-marker/d' Makefile         | make -f - am--depfiles
make: Nothing to be done for 'am--depfiles'.
config.status:1746: $? = 0
config.status:1741: cd none/tests/amd64-darwin       && sed -e '/# am--include-marker/d' Makefile         | make -f - am--depfiles
make: Nothing to be done for 'am--depfiles'.
config.status:1746: $? = 0
config.status:1741: cd none/tests/x86-darwin       && sed -e '/# am--include-marker/d' Makefile         | make -f - am--depfiles
make: Nothing to be done for 'am--depfiles'.
config.status:1746: $? = 0
config.status:1741: cd none/tests/amd64-solaris       && sed -e '/# am--include-marker/d' Makefile         | make -f - am--depfiles
make: Nothing to be done for 'am--depfiles'.
config.status:1746: $? = 0
config.status:1741: cd none/tests/x86-solaris       && sed -e '/# am--include-marker/d' Makefile         | make -f - am--depfiles
make: Nothing to be done for 'am--depfiles'.
config.status:1746: $? = 0
config.status:1741: cd exp-bbv       && sed -e '/# am--include-marker/d' Makefile         | make -f - am--depfiles
make: Nothing to be done for 'am--depfiles'.
config.status:1746: $? = 0
config.status:1741: cd exp-bbv/tests/x86       && sed -e '/# am--include-marker/d' Makefile         | make -f - am--depfiles
make: Nothing to be done for 'am--depfiles'.
config.status:1746: $? = 0
config.status:1741: cd exp-bbv/tests/x86-linux       && sed -e '/# am--include-marker/d' Makefile         | make -f - am--depfiles
make: Nothing to be done for 'am--depfiles'.
config.status:1746: $? = 0
config.status:1741: cd exp-bbv/tests/amd64-linux       && sed -e '/# am--include-marker/d' Makefile         | make -f - am--depfiles
make: Nothing to be done for 'am--depfiles'.
config.status:1746: $? = 0
config.status:1741: cd exp-bbv/tests/ppc32-linux       && sed -e '/# am--include-marker/d' Makefile         | make -f - am--depfiles
make: Nothing to be done for 'am--depfiles'.
config.status:1746: $? = 0
config.status:1741: cd exp-bbv/tests/arm-linux       && sed -e '/# am--include-marker/d' Makefile         | make -f - am--depfiles
make: Nothing to be done for 'am--depfiles'.
config.status:1746: $? = 0
config.status:1741: cd depAnalysis       && sed -e '/# am--include-marker/d' Makefile         | make -f - am--depfiles
make: Nothing to be done for 'am--depfiles'.
config.status:1746: $? = 0

## ---------------- ##
## Cache variables. ##
## ---------------- ##

ac_cv_build=x86_64-pc-linux-gnu
ac_cv_c_compiler_gnu=yes
ac_cv_cxx_compiler_gnu=yes
ac_cv_env_AR_set=
ac_cv_env_AR_value=
ac_cv_env_CCASFLAGS_set=
ac_cv_env_CCASFLAGS_value=
ac_cv_env_CCAS_set=
ac_cv_env_CCAS_value=
ac_cv_env_CCC_set=
ac_cv_env_CCC_value=
ac_cv_env_CC_set=
ac_cv_env_CC_value=
ac_cv_env_CFLAGS_set=
ac_cv_env_CFLAGS_value=
ac_cv_env_CPPFLAGS_set=
ac_cv_env_CPPFLAGS_value=
ac_cv_env_CPP_set=
ac_cv_env_CPP_value=
ac_cv_env_CXXFLAGS_set=
ac_cv_env_CXXFLAGS_value=
ac_cv_env_CXX_set=
ac_cv_env_CXX_value=
ac_cv_env_LDFLAGS_set=
ac_cv_env_LDFLAGS_value=
ac_cv_env_LIBS_set=
ac_cv_env_LIBS_value=
ac_cv_env_LTO_AR_set=
ac_cv_env_LTO_AR_value=
ac_cv_env_LTO_RANLIB_set=
ac_cv_env_LTO_RANLIB_value=
ac_cv_env_build_alias_set=
ac_cv_env_build_alias_value=
ac_cv_env_host_alias_set=
ac_cv_env_host_alias_value=
ac_cv_env_target_alias_set=
ac_cv_env_target_alias_value=
ac_cv_func_clock_gettime=yes
ac_cv_func_copy_file_range=yes
ac_cv_func_epoll_create=yes
ac_cv_func_epoll_pwait=yes
ac_cv_func_getpagesize=yes
ac_cv_func_klogctl=yes
ac_cv_func_mallinfo=yes
ac_cv_func_memchr=yes
ac_cv_func_memcmp_working=yes
ac_cv_func_memfd_create=yes
ac_cv_func_memset=yes
ac_cv_func_mkdir=yes
ac_cv_func_mmap_fixed_mapped=yes
ac_cv_func_mremap=yes
ac_cv_func_ppoll=yes
ac_cv_func_preadv2=yes
ac_cv_func_preadv=yes
ac_cv_func_process_vm_readv=yes
ac_cv_func_process_vm_writev=yes
ac_cv_func_pthread_barrier_init=yes
ac_cv_func_pthread_condattr_setclock=yes
ac_cv_func_pthread_mutex_timedlock=yes
ac_cv_func_pthread_rwlock_timedrdlock=yes
ac_cv_func_pthread_rwlock_timedwrlock=yes
ac_cv_func_pthread_setname_np=yes
ac_cv_func_pthread_spin_lock=yes
ac_cv_func_pthread_yield=no
ac_cv_func_pwritev2=yes
ac_cv_func_pwritev=yes
ac_cv_func_readlinkat=yes
ac_cv_func_semtimedop=yes
ac_cv_func_setcontext=yes
ac_cv_func_signalfd=yes
ac_cv_func_sigwaitinfo=yes
ac_cv_func_strchr=yes
ac_cv_func_strdup=yes
ac_cv_func_strpbrk=yes
ac_cv_func_strrchr=yes
ac_cv_func_strstr=yes
ac_cv_func_swapcontext=yes
ac_cv_func_syscall=yes
ac_cv_func_utimensat=yes
ac_cv_header_asm_unistd_h=yes
ac_cv_header_endian_h=yes
ac_cv_header_features_h=yes
ac_cv_header_inttypes_h=yes
ac_cv_header_mqueue_h=yes
ac_cv_header_stdint_h=yes
ac_cv_header_stdio_h=yes
ac_cv_header_stdlib_h=yes
ac_cv_header_string_h=yes
ac_cv_header_strings_h=yes
ac_cv_header_sys_endian_h=no
ac_cv_header_sys_epoll_h=yes
ac_cv_header_sys_eventfd_h=yes
ac_cv_header_sys_klog_h=yes
ac_cv_header_sys_param_h=yes
ac_cv_header_sys_poll_h=yes
ac_cv_header_sys_prctl_h=yes
ac_cv_header_sys_signal_h=yes
ac_cv_header_sys_signalfd_h=yes
ac_cv_header_sys_stat_h=yes
ac_cv_header_sys_syscall_h=yes
ac_cv_header_sys_sysnvl_h=no
ac_cv_header_sys_time_h=yes
ac_cv_header_sys_types_h=yes
ac_cv_header_unistd_h=yes
ac_cv_host=x86_64-pc-linux-gnu
ac_cv_lib_pthread_pthread_create=yes
ac_cv_lib_rt_clock_gettime=yes
ac_cv_member_pthread_mutex_t___data___kind=yes
ac_cv_member_pthread_mutex_t___m_kind=no
ac_cv_objext=o
ac_cv_path_AR=/usr/bin/ar
ac_cv_path_EGREP='/bin/grep -E'
ac_cv_path_GDB=/usr/bin/gdb
ac_cv_path_GREP=/bin/grep
ac_cv_path_LTO_AR=/usr/bin/gcc-ar
ac_cv_path_LTO_RANLIB=/usr/bin/gcc-ranlib
ac_cv_path_MPI_CC=/usr/bin/mpicc
ac_cv_path_PERL=/usr/bin/perl
ac_cv_path_SED=/bin/sed
ac_cv_path_install='/usr/bin/install -c'
ac_cv_path_mkdir=/bin/mkdir
ac_cv_prog_AWK=gawk
ac_cv_prog_CPP='gcc -E'
ac_cv_prog_ac_ct_CC=gcc
ac_cv_prog_ac_ct_CXX=g++
ac_cv_prog_ac_ct_RANLIB=ranlib
ac_cv_prog_cc_c11=
ac_cv_prog_cc_g=yes
ac_cv_prog_cc_stdc=
ac_cv_prog_cxx_11=no
ac_cv_prog_cxx_cxx11=
ac_cv_prog_cxx_g=yes
ac_cv_prog_cxx_stdcxx=
ac_cv_prog_make_make_set=yes
ac_cv_type_Elf32_Chdr=yes
ac_cv_type_Elf64_Chdr=yes
ac_cv_type_off_t=yes
ac_cv_type_size_t=yes
ac_cv_type_struct_user_regs_struct=yes
ac_cv_type_uid_t=yes
am_cv_CCAS_dependencies_compiler_type=gcc3
am_cv_CC_dependencies_compiler_type=gcc3
am_cv_CXX_dependencies_compiler_type=gcc3
am_cv_make_support_nested_variables=yes
am_cv_prog_cc_c_o=yes
vg_cv_inner=no
vg_cv_linktime_tls=yes
vg_cv_lto=no
vg_cv_only32bit=no
vg_cv_only64bit=no
vg_cv_tls=yes
vg_cv_ubsan=no

## ----------------- ##
## Output variables. ##
## ----------------- ##

ACLOCAL='${SHELL} '\''/homes/pdacost/cs510/valgrind-3.18.1/missing'\'' aclocal-1.16'
AMDEPBACKSLASH='\'
AMDEP_FALSE='#'
AMDEP_TRUE=''
AMTAR='$${TAR-tar}'
AM_BACKSLASH='\'
AM_DEFAULT_V='$(AM_DEFAULT_VERBOSITY)'
AM_DEFAULT_VERBOSITY='1'
AM_V='$(V)'
AR='/usr/bin/ar'
AUTOCONF='${SHELL} '\''/homes/pdacost/cs510/valgrind-3.18.1/missing'\'' autoconf'
AUTOHEADER='${SHELL} '\''/homes/pdacost/cs510/valgrind-3.18.1/missing'\'' autoheader'
AUTOMAKE='${SHELL} '\''/homes/pdacost/cs510/valgrind-3.18.1/missing'\'' automake-1.16'
AWK='gawk'
BOOST_CFLAGS=''
BOOST_LIBS=''
BUILD_ADDR32_TESTS_FALSE='#'
BUILD_ADDR32_TESTS_TRUE=''
BUILD_ADX_TESTS_FALSE='#'
BUILD_ADX_TESTS_TRUE=''
BUILD_ARMV81_TESTS_FALSE=''
BUILD_ARMV81_TESTS_TRUE='#'
BUILD_ARMV82_TESTS_FALSE=''
BUILD_ARMV82_TESTS_TRUE='#'
BUILD_ARMV8_CRC_TESTS_FALSE=''
BUILD_ARMV8_CRC_TESTS_TRUE='#'
BUILD_AVX2_TESTS_FALSE='#'
BUILD_AVX2_TESTS_TRUE=''
BUILD_AVX_TESTS_FALSE='#'
BUILD_AVX_TESTS_TRUE=''
BUILD_BMI_TESTS_FALSE='#'
BUILD_BMI_TESTS_TRUE=''
BUILD_DFP_TESTS_FALSE=''
BUILD_DFP_TESTS_TRUE='#'
BUILD_F16C_TESTS_FALSE='#'
BUILD_F16C_TESTS_TRUE=''
BUILD_FMA4_TESTS_FALSE='#'
BUILD_FMA4_TESTS_TRUE=''
BUILD_FMA_TESTS_FALSE='#'
BUILD_FMA_TESTS_TRUE=''
BUILD_IFUNC_TESTS_FALSE='#'
BUILD_IFUNC_TESTS_TRUE=''
BUILD_LOOPNEL_TESTS_FALSE='#'
BUILD_LOOPNEL_TESTS_TRUE=''
BUILD_LZCNT_TESTS_FALSE='#'
BUILD_LZCNT_TESTS_TRUE=''
BUILD_MOVBE_TESTS_FALSE='#'
BUILD_MOVBE_TESTS_TRUE=''
BUILD_MPIWRAP_PRI_FALSE='#'
BUILD_MPIWRAP_PRI_TRUE=''
BUILD_MPIWRAP_SEC_FALSE=''
BUILD_MPIWRAP_SEC_TRUE='#'
BUILD_MPX_TESTS_FALSE=''
BUILD_MPX_TESTS_TRUE='#'
BUILD_PCLMULQDQ_TESTS_FALSE='#'
BUILD_PCLMULQDQ_TESTS_TRUE=''
BUILD_RDRAND_TESTS_FALSE='#'
BUILD_RDRAND_TESTS_TRUE=''
BUILD_RDSEED_TESTS_FALSE='#'
BUILD_RDSEED_TESTS_TRUE=''
BUILD_SSE3_TESTS_FALSE='#'
BUILD_SSE3_TESTS_TRUE=''
BUILD_SSE42_TESTS_FALSE='#'
BUILD_SSE42_TESTS_TRUE=''
BUILD_SSSE3_TESTS_FALSE='#'
BUILD_SSSE3_TESTS_TRUE=''
BUILD_TSX_TESTS_FALSE='#'
BUILD_TSX_TESTS_TRUE=''
BUILD_VPCLMULQDQ_TESTS_FALSE='#'
BUILD_VPCLMULQDQ_TESTS_TRUE=''
CC='gcc'
CCAS='gcc'
CCASDEPMODE='depmode=gcc3'
CCASFLAGS=''
CCDEPMODE='depmode=gcc3'
CFLAGS=''
CFLAGS_MPI='-g -O -fno-omit-frame-pointer -Wall -fpic'
COMPILER_IS_CLANG_FALSE=''
COMPILER_IS_CLANG_TRUE='#'
COMPILER_IS_ICC_FALSE=''
COMPILER_IS_ICC_TRUE='#'
CPP='gcc -E'
CPPFLAGS=''
CSCOPE='cscope'
CTAGS='ctags'
CXX='g++'
CXXDEPMODE='depmode=gcc3'
CXXFLAGS=''
CXX_CAN_INCLUDE_THREAD_HEADER_FALSE='#'
CXX_CAN_INCLUDE_THREAD_HEADER_TRUE=''
CYGPATH_W='echo'
DEFAULT_SUPP='xfree-3.supp xfree-4.supp glibc-2.X-drd.supp glibc-2.X-helgrind.supp glibc-2.X.supp '
DEFS='-DHAVE_CONFIG_H'
DEPDIR='.deps'
DIFF='diff -u'
DIS_PATH=''
DWARF4_FALSE='#'
DWARF4_TRUE=''
ECHO_C=''
ECHO_N='-n'
ECHO_T=''
EGREP='/bin/grep -E'
ENABLE_LINUX_TICKET_LOCK_PRIMARY_FALSE='#'
ENABLE_LINUX_TICKET_LOCK_PRIMARY_TRUE=''
ENABLE_LINUX_TICKET_LOCK_SECONDARY_FALSE='#'
ENABLE_LINUX_TICKET_LOCK_SECONDARY_TRUE=''
ETAGS='etags'
EXEEXT=''
FLAG_FALIGNED_NEW='-faligned-new'
FLAG_FINLINE_FUNCTIONS='-finline-functions'
FLAG_FNO_IPA_ICF='-fno-ipa-icf'
FLAG_FNO_STACK_PROTECTOR='-fno-stack-protector'
FLAG_FSANITIZE=''
FLAG_FSIZED_DEALLOCATION='-fsized-deallocation'
FLAG_M32=' -m32'
FLAG_M64='-m64'
FLAG_MLONG_DOUBLE_128='-mlong-double-128'
FLAG_MMMX='-mmmx'
FLAG_MSA=''
FLAG_MSSE='-msse'
FLAG_NO_BUILD_ID=''
FLAG_NO_PIE='-no-pie'
FLAG_OCTEON2=''
FLAG_OCTEON=''
FLAG_PIE='-pie'
FLAG_T_TEXT='-Ttext-segment'
FLAG_UNLIMITED_INLINE_UNIT_GROWTH='--param inline-unit-growth=900'
FLAG_W_CAST_ALIGN='-Wcast-align'
FLAG_W_CAST_QUAL='-Wcast-qual'
FLAG_W_EMPTY_BODY='-Wempty-body'
FLAG_W_ENUM_CONVERSION='-Wenum-conversion'
FLAG_W_EXTRA='-Wextra'
FLAG_W_FORMAT='-Wformat'
FLAG_W_FORMAT_SECURITY='-Wformat-security'
FLAG_W_FORMAT_SIGNEDNESS='-Wformat-signedness'
FLAG_W_IGNORED_QUALIFIERS='-Wignored-qualifiers'
FLAG_W_IMPLICIT_FALLTHROUGH='-Wimplicit-fallthrough=2'
FLAG_W_LOGICAL_OP='-Wlogical-op'
FLAG_W_MISSING_PARAMETER_TYPE='-Wmissing-parameter-type'
FLAG_W_NO_EXPANSION_TO_DEFINED='-Wno-expansion-to-defined'
FLAG_W_NO_INFINITE_RECURSION=''
FLAG_W_NO_MEMSET_TRANSPOSED_ARGS='-Wno-memset-transposed-args'
FLAG_W_NO_MISMATCHED_NEW_DELETE='-Wno-mismatched-new-delete'
FLAG_W_NO_NONNULL='-Wno-nonnull'
FLAG_W_NO_OVERFLOW='-Wno-overflow'
FLAG_W_NO_POINTER_SIGN='-Wno-pointer-sign'
FLAG_W_NO_STATIC_LOCAL_IN_INLINE=''
FLAG_W_NO_UNINITIALIZED='-Wno-uninitialized'
FLAG_W_NO_UNUSED_FUNCTION='-Wno-unused-function'
FLAG_W_OLD_STYLE_DECLARATION='-Wold-style-declaration'
FLAG_W_WRITE_STRINGS='-Wwrite-strings'
GDB='/usr/bin/gdb'
GLIBC_LIBC_PATH='*/lib*/libc.so.6'
GLIBC_LIBPTHREAD_PATH='*/lib*/libc.so.6'
GLIBC_VERSION='2.35'
GREP='/bin/grep'
GZ_ZLIB_FALSE='#'
GZ_ZLIB_GNU_FALSE='#'
GZ_ZLIB_GNU_TRUE=''
GZ_ZLIB_TRUE=''
HAS_ALTIVEC_FALSE=''
HAS_ALTIVEC_TRUE='#'
HAS_DARN_FALSE=''
HAS_DARN_TRUE='#'
HAS_DFP_FALSE=''
HAS_DFP_TRUE='#'
HAS_ISA_2_05_FALSE=''
HAS_ISA_2_05_TRUE='#'
HAS_ISA_2_06_FALSE=''
HAS_ISA_2_06_TRUE='#'
HAS_ISA_2_07_FALSE=''
HAS_ISA_2_07_TRUE='#'
HAS_ISA_3_00_FALSE=''
HAS_ISA_3_00_TRUE='#'
HAS_ISA_3_1_FALSE=''
HAS_ISA_3_1_TRUE='#'
HAS_MLONG_DOUBLE_128_FALSE='#'
HAS_MLONG_DOUBLE_128_TRUE=''
HAS_VSX_FALSE=''
HAS_VSX_TRUE='#'
HAS_XSCVHPDP_FALSE=''
HAS_XSCVHPDP_TRUE='#'
HAVE_ALIGNED_CXX_ALLOC_FALSE='#'
HAVE_ALIGNED_CXX_ALLOC_TRUE=''
HAVE_ASM_CONSTRAINT_P_FALSE='#'
HAVE_ASM_CONSTRAINT_P_TRUE=''
HAVE_AT_FDCWD_FALSE='#'
HAVE_AT_FDCWD_TRUE=''
HAVE_BOOST_1_35_FALSE=''
HAVE_BOOST_1_35_TRUE='#'
HAVE_BUILTIN_ATOMIC64_FALSE='#'
HAVE_BUILTIN_ATOMIC64_TRUE=''
HAVE_BUILTIN_ATOMIC_CXX_FALSE='#'
HAVE_BUILTIN_ATOMIC_CXX_TRUE=''
HAVE_BUILTIN_ATOMIC_FALSE='#'
HAVE_BUILTIN_ATOMIC_SECONDARY_FALSE='#'
HAVE_BUILTIN_ATOMIC_SECONDARY_TRUE=''
HAVE_BUILTIN_ATOMIC_TRUE=''
HAVE_COPY_FILE_RANGE_FALSE='#'
HAVE_COPY_FILE_RANGE_TRUE=''
HAVE_DLINFO_RTLD_DI_TLS_MODID_FALSE='#'
HAVE_DLINFO_RTLD_DI_TLS_MODID_TRUE=''
HAVE_FSIZED_DEALLOCATION_FALSE='#'
HAVE_FSIZED_DEALLOCATION_TRUE=''
HAVE_GNU_STPNCPY_FALSE='#'
HAVE_GNU_STPNCPY_TRUE=''
HAVE_MEMFD_CREATE_FALSE='#'
HAVE_MEMFD_CREATE_TRUE=''
HAVE_NESTED_FUNCTIONS_FALSE='#'
HAVE_NESTED_FUNCTIONS_TRUE=''
HAVE_NR_MEMBARRIER_FALSE='#'
HAVE_NR_MEMBARRIER_TRUE=''
HAVE_OPENMP_FALSE='#'
HAVE_OPENMP_TRUE=''
HAVE_PREADV2_PWRITEV2_FALSE='#'
HAVE_PREADV2_PWRITEV2_TRUE=''
HAVE_PREADV_PWRITEV_FALSE='#'
HAVE_PREADV_PWRITEV_TRUE=''
HAVE_PTHREAD_BARRIER_FALSE='#'
HAVE_PTHREAD_BARRIER_TRUE=''
HAVE_PTHREAD_CREATE_GLIBC_2_0_FALSE=''
HAVE_PTHREAD_CREATE_GLIBC_2_0_TRUE='#'
HAVE_PTHREAD_MUTEX_TIMEDLOCK_FALSE='#'
HAVE_PTHREAD_MUTEX_TIMEDLOCK_TRUE=''
HAVE_PTHREAD_SETNAME_NP_FALSE='#'
HAVE_PTHREAD_SETNAME_NP_TRUE=''
HAVE_PTHREAD_SPINLOCK_FALSE='#'
HAVE_PTHREAD_SPINLOCK_TRUE=''
HAVE_SETCONTEXT_FALSE='#'
HAVE_SETCONTEXT_TRUE=''
HAVE_SHARED_POINTER_ANNOTATION_FALSE='#'
HAVE_SHARED_POINTER_ANNOTATION_TRUE=''
HAVE_SWAPCONTEXT_FALSE='#'
HAVE_SWAPCONTEXT_TRUE=''
HWCAP_HAS_ALTIVEC=''
HWCAP_HAS_DFP=''
HWCAP_HAS_HTM=''
HWCAP_HAS_ISA_2_05=''
HWCAP_HAS_ISA_2_06=''
HWCAP_HAS_ISA_2_07=''
HWCAP_HAS_ISA_3_00=''
HWCAP_HAS_ISA_3_1=''
HWCAP_HAS_MMA=''
HWCAP_HAS_VSX=''
INSTALL_DATA='${INSTALL} -m 644'
INSTALL_PROGRAM='${INSTALL}'
INSTALL_SCRIPT='${INSTALL}'
INSTALL_STRIP_PROGRAM='$(install_sh) -c -s'
LDFLAGS=''
LDFLAGS_MPI='-fpic -shared'
LIBOBJS=''
LIBS=''
LIB_UBSAN=''
LN_S='ln -s'
LTLIBOBJS=''
LTO_AR='/usr/bin/ar'
LTO_CFLAGS=''
LTO_RANLIB='ranlib'
MAINT='#'
MAINTAINER_MODE_FALSE=''
MAINTAINER_MODE_TRUE='#'
MAKEINFO='${SHELL} '\''/homes/pdacost/cs510/valgrind-3.18.1/missing'\'' makeinfo'
MKDIR_P='/bin/mkdir -p'
MPI_CC='/usr/bin/mpicc'
OBJEXT='o'
PACKAGE='valgrind'
PACKAGE_BUGREPORT='valgrind-users@lists.sourceforge.net'
PACKAGE_NAME='Valgrind'
PACKAGE_STRING='Valgrind 3.18.1'
PACKAGE_TARNAME='valgrind'
PACKAGE_URL=''
PACKAGE_VERSION='3.18.1'
PATH_SEPARATOR=':'
PERL='/usr/bin/perl'
PREFERRED_STACK_BOUNDARY_2='-mpreferred-stack-boundary=2'
RANLIB='ranlib'
SED='/bin/sed'
SET_MAKE=''
SHELL='/bin/bash'
SOLARIS_AUDITON_STAT_FALSE=''
SOLARIS_AUDITON_STAT_TRUE='#'
SOLARIS_EXECVE_SYSCALL_TAKES_FLAGS_FALSE=''
SOLARIS_EXECVE_SYSCALL_TAKES_FLAGS_TRUE='#'
SOLARIS_FREALPATHAT_SYSCALL_FALSE=''
SOLARIS_FREALPATHAT_SYSCALL_TRUE='#'
SOLARIS_GETHRT_FASTTRAP_FALSE=''
SOLARIS_GETHRT_FASTTRAP_TRUE='#'
SOLARIS_GETRANDOM_SYSCALL_FALSE=''
SOLARIS_GETRANDOM_SYSCALL_TRUE='#'
SOLARIS_GETZONEOFFSET_FASTTRAP_FALSE=''
SOLARIS_GETZONEOFFSET_FASTTRAP_TRUE='#'
SOLARIS_LWP_NAME_SYSCALL_FALSE=''
SOLARIS_LWP_NAME_SYSCALL_TRUE='#'
SOLARIS_LWP_SIGQUEUE_SYSCALL_FALSE=''
SOLARIS_LWP_SIGQUEUE_SYSCALL_TAKES_PID_FALSE=''
SOLARIS_LWP_SIGQUEUE_SYSCALL_TAKES_PID_TRUE='#'
SOLARIS_LWP_SIGQUEUE_SYSCALL_TRUE='#'
SOLARIS_MODCTL_MODNVL_FALSE=''
SOLARIS_MODCTL_MODNVL_TRUE='#'
SOLARIS_NSCD_DOOR_SYSTEM_VOLATILE_FALSE=''
SOLARIS_NSCD_DOOR_SYSTEM_VOLATILE_TRUE='#'
SOLARIS_OLD_SYSCALLS_FALSE=''
SOLARIS_OLD_SYSCALLS_TRUE='#'
SOLARIS_PROC_CMDLINE_FALSE=''
SOLARIS_PROC_CMDLINE_TRUE='#'
SOLARIS_PRXREGSET_T_FALSE=''
SOLARIS_PRXREGSET_T_TRUE='#'
SOLARIS_PSET_GET_NAME_FALSE=''
SOLARIS_PSET_GET_NAME_TRUE='#'
SOLARIS_RESERVE_SYSSTAT_ADDR_FALSE=''
SOLARIS_RESERVE_SYSSTAT_ADDR_TRUE='#'
SOLARIS_RESERVE_SYSSTAT_ZONE_ADDR_FALSE=''
SOLARIS_RESERVE_SYSSTAT_ZONE_ADDR_TRUE='#'
SOLARIS_SHM_NEW_FALSE=''
SOLARIS_SHM_NEW_TRUE='#'
SOLARIS_SPAWN_SYSCALL_FALSE=''
SOLARIS_SPAWN_SYSCALL_TRUE='#'
SOLARIS_SUN_STUDIO_AS_FALSE=''
SOLARIS_SUN_STUDIO_AS_TRUE='#'
SOLARIS_SYSTEM_STATS_SYSCALL_FALSE=''
SOLARIS_SYSTEM_STATS_SYSCALL_TRUE='#'
SOLARIS_TNDB_GET_TNIP_FALSE=''
SOLARIS_TNDB_GET_TNIP_TRUE='#'
SOLARIS_TSOL_CLEARANCE_FALSE=''
SOLARIS_TSOL_CLEARANCE_TRUE='#'
SOLARIS_UNDEF_LARGESOURCE=''
SOLARIS_UTIMENSAT_SYSCALL_FALSE=''
SOLARIS_UTIMENSAT_SYSCALL_TRUE='#'
SOLARIS_UTIMESYS_SYSCALL_FALSE=''
SOLARIS_UTIMESYS_SYSCALL_TRUE='#'
SOLARIS_UUIDSYS_SYSCALL_FALSE=''
SOLARIS_UUIDSYS_SYSCALL_TRUE='#'
SOLARIS_XPG_SYMBOLS_PRESENT_FALSE=''
SOLARIS_XPG_SYMBOLS_PRESENT_TRUE='#'
SOLARIS_ZONE_DEFUNCT_FALSE=''
SOLARIS_ZONE_DEFUNCT_TRUE='#'
STRIP=''
SUPPORTS_HTM_FALSE=''
SUPPORTS_HTM_TRUE='#'
VALT_LOAD_ADDRESS_PRI='0x58000000'
VALT_LOAD_ADDRESS_SEC='0x58000000'
VERSION='3.18.1'
VGCONF_ABI=''
VGCONF_ARCHS_INCLUDE_AMD64_FALSE='#'
VGCONF_ARCHS_INCLUDE_AMD64_TRUE=''
VGCONF_ARCHS_INCLUDE_ARM64_FALSE=''
VGCONF_ARCHS_INCLUDE_ARM64_TRUE='#'
VGCONF_ARCHS_INCLUDE_ARM_FALSE=''
VGCONF_ARCHS_INCLUDE_ARM_TRUE='#'
VGCONF_ARCHS_INCLUDE_MIPS32_FALSE=''
VGCONF_ARCHS_INCLUDE_MIPS32_TRUE='#'
VGCONF_ARCHS_INCLUDE_MIPS64_FALSE=''
VGCONF_ARCHS_INCLUDE_MIPS64_TRUE='#'
VGCONF_ARCHS_INCLUDE_NANOMIPS_FALSE=''
VGCONF_ARCHS_INCLUDE_NANOMIPS_TRUE='#'
VGCONF_ARCHS_INCLUDE_PPC32_FALSE=''
VGCONF_ARCHS_INCLUDE_PPC32_TRUE='#'
VGCONF_ARCHS_INCLUDE_PPC64_FALSE=''
VGCONF_ARCHS_INCLUDE_PPC64_TRUE='#'
VGCONF_ARCHS_INCLUDE_S390X_FALSE=''
VGCONF_ARCHS_INCLUDE_S390X_TRUE='#'
VGCONF_ARCHS_INCLUDE_X86_FALSE='#'
VGCONF_ARCHS_INCLUDE_X86_TRUE=''
VGCONF_ARCH_PRI='amd64'
VGCONF_ARCH_SEC='x86'
VGCONF_HAVE_ABI_FALSE=''
VGCONF_HAVE_ABI_TRUE='#'
VGCONF_HAVE_PLATFORM_SEC_FALSE='#'
VGCONF_HAVE_PLATFORM_SEC_TRUE=''
VGCONF_OS='linux'
VGCONF_OS_IS_DARWIN_FALSE=''
VGCONF_OS_IS_DARWIN_OR_FREEBSD_FALSE=''
VGCONF_OS_IS_DARWIN_OR_FREEBSD_TRUE='#'
VGCONF_OS_IS_DARWIN_TRUE='#'
VGCONF_OS_IS_FREEBSD_FALSE=''
VGCONF_OS_IS_FREEBSD_TRUE='#'
VGCONF_OS_IS_LINUX_FALSE='#'
VGCONF_OS_IS_LINUX_TRUE=''
VGCONF_OS_IS_SOLARIS_FALSE=''
VGCONF_OS_IS_SOLARIS_TRUE='#'
VGCONF_PLATFORMS_INCLUDE_AMD64_DARWIN_FALSE=''
VGCONF_PLATFORMS_INCLUDE_AMD64_DARWIN_TRUE='#'
VGCONF_PLATFORMS_INCLUDE_AMD64_FREEBSD_FALSE=''
VGCONF_PLATFORMS_INCLUDE_AMD64_FREEBSD_TRUE='#'
VGCONF_PLATFORMS_INCLUDE_AMD64_LINUX_FALSE='#'
VGCONF_PLATFORMS_INCLUDE_AMD64_LINUX_TRUE=''
VGCONF_PLATFORMS_INCLUDE_AMD64_SOLARIS_FALSE=''
VGCONF_PLATFORMS_INCLUDE_AMD64_SOLARIS_TRUE='#'
VGCONF_PLATFORMS_INCLUDE_ARM64_LINUX_FALSE=''
VGCONF_PLATFORMS_INCLUDE_ARM64_LINUX_TRUE='#'
VGCONF_PLATFORMS_INCLUDE_ARM_LINUX_FALSE=''
VGCONF_PLATFORMS_INCLUDE_ARM_LINUX_TRUE='#'
VGCONF_PLATFORMS_INCLUDE_MIPS32_LINUX_FALSE=''
VGCONF_PLATFORMS_INCLUDE_MIPS32_LINUX_TRUE='#'
VGCONF_PLATFORMS_INCLUDE_MIPS64_LINUX_FALSE=''
VGCONF_PLATFORMS_INCLUDE_MIPS64_LINUX_TRUE='#'
VGCONF_PLATFORMS_INCLUDE_NANOMIPS_LINUX_FALSE=''
VGCONF_PLATFORMS_INCLUDE_NANOMIPS_LINUX_TRUE='#'
VGCONF_PLATFORMS_INCLUDE_PPC32_LINUX_FALSE=''
VGCONF_PLATFORMS_INCLUDE_PPC32_LINUX_TRUE='#'
VGCONF_PLATFORMS_INCLUDE_PPC64BE_LINUX_FALSE=''
VGCONF_PLATFORMS_INCLUDE_PPC64BE_LINUX_TRUE='#'
VGCONF_PLATFORMS_INCLUDE_PPC64LE_LINUX_FALSE=''
VGCONF_PLATFORMS_INCLUDE_PPC64LE_LINUX_TRUE='#'
VGCONF_PLATFORMS_INCLUDE_S390X_LINUX_FALSE=''
VGCONF_PLATFORMS_INCLUDE_S390X_LINUX_TRUE='#'
VGCONF_PLATFORMS_INCLUDE_X86_DARWIN_FALSE=''
VGCONF_PLATFORMS_INCLUDE_X86_DARWIN_TRUE='#'
VGCONF_PLATFORMS_INCLUDE_X86_FREEBSD_FALSE=''
VGCONF_PLATFORMS_INCLUDE_X86_FREEBSD_TRUE='#'
VGCONF_PLATFORMS_INCLUDE_X86_LINUX_FALSE='#'
VGCONF_PLATFORMS_INCLUDE_X86_LINUX_TRUE=''
VGCONF_PLATFORMS_INCLUDE_X86_SOLARIS_FALSE=''
VGCONF_PLATFORMS_INCLUDE_X86_SOLARIS_TRUE='#'
VGCONF_PLATFORM_PRI_CAPS='AMD64_LINUX'
VGCONF_PLATFORM_SEC_CAPS='X86_LINUX'
VGCONF_PLATVARIANT='vanilla'
VGCONF_PLATVARIANT_IS_ANDROID_FALSE=''
VGCONF_PLATVARIANT_IS_ANDROID_TRUE='#'
VGCONF_PLATVARIANT_IS_VANILLA_FALSE='#'
VGCONF_PLATVARIANT_IS_VANILLA_TRUE=''
VG_TMPDIR='/tmp'
XCODE_DIR=''
XCRUN=''
ac_ct_CC='gcc'
ac_ct_CXX='g++'
am__EXEEXT_FALSE=''
am__EXEEXT_TRUE='#'
am__fastdepCCAS_FALSE='#'
am__fastdepCCAS_TRUE=''
am__fastdepCC_FALSE='#'
am__fastdepCC_TRUE=''
am__fastdepCXX_FALSE='#'
am__fastdepCXX_TRUE=''
am__include='include'
am__isrc=''
am__leading_dot='.'
am__nodep='_no'
am__quote=''
am__tar='$${TAR-tar} chof - "$$tardir"'
am__untar='$${TAR-tar} xf -'
bindir='${exec_prefix}/bin'
build='x86_64-pc-linux-gnu'
build_alias=''
build_cpu='x86_64'
build_os='linux-gnu'
build_vendor='pc'
datadir='${datarootdir}'
datarootdir='${prefix}/share'
docdir='${datarootdir}/doc/${PACKAGE_TARNAME}'
dvidir='${docdir}'
exec_prefix='${prefix}'
host='x86_64-pc-linux-gnu'
host_alias=''
host_cpu='x86_64'
host_os='linux-gnu'
host_vendor='pc'
htmldir='${docdir}'
includedir='${prefix}/include'
infodir='${datarootdir}/info'
install_sh='${SHELL} /homes/pdacost/cs510/valgrind-3.18.1/install-sh'
libdir='${exec_prefix}/lib'
libexecdir='${exec_prefix}/libexec'
localedir='${datarootdir}/locale'
localstatedir='${prefix}/var'
mandir='${datarootdir}/man'
mkdir_p='$(MKDIR_P)'
oldincludedir='/usr/include'
pdfdir='${docdir}'
prefix='/homes/pdacost/cs510/val-tools'
program_transform_name='s,x,x,'
psdir='${docdir}'
runstatedir='${localstatedir}/run'
sbindir='${exec_prefix}/sbin'
sharedstatedir='${prefix}/com'
sysconfdir='${prefix}/etc'
target_alias=''

## ----------- ##
## confdefs.h. ##
## ----------- ##

/* confdefs.h */
#define PACKAGE_NAME "Valgrind"
#define PACKAGE_TARNAME "valgrind"
#define PACKAGE_VERSION "3.18.1"
#define PACKAGE_STRING "Valgrind 3.18.1"
#define PACKAGE_BUGREPORT "valgrind-users@lists.sourceforge.net"
#define PACKAGE_URL ""
#define PACKAGE "valgrind"
#define VERSION "3.18.1"
#define GDB_PATH "/usr/bin/gdb"
#define VG_TMPDIR "/tmp"
#define HAVE_STDIO_H 1
#define HAVE_STDLIB_H 1
#define HAVE_STRING_H 1
#define HAVE_INTTYPES_H 1
#define HAVE_STDINT_H 1
#define HAVE_STRINGS_H 1
#define HAVE_SYS_STAT_H 1
#define HAVE_SYS_TYPES_H 1
#define HAVE_UNISTD_H 1
#define HAVE_SYS_TIME_H 1
#define HAVE_SYS_PARAM_H 1
#define STDC_HEADERS 1
#define GLIBC_MANDATORY_STRLEN_REDIRECT 1
#define GLIBC_MANDATORY_INDEX_AND_STRLEN_REDIRECT 1
#define HAVE_PTRACE_GETREGS 1
#define HAVE_CLOCK_MONOTONIC 1
#define HAVE_ELF32_CHDR 1
#define HAVE_ELF64_CHDR 1
#define HAVE_PTHREAD_RWLOCK_T 1
#define HAVE_PTHREAD_MUTEX_ADAPTIVE_NP 1
#define HAVE_PTHREAD_MUTEX_ERRORCHECK_NP 1
#define HAVE_PTHREAD_MUTEX_RECURSIVE_NP 1
#define HAVE_PTHREAD_RECURSIVE_MUTEX_INITIALIZER_NP 1
#define HAVE_PTHREAD_MUTEX_T__DATA__KIND 1
#define HAVE_DLINFO_RTLD_DI_TLS_MODID 1
#define HAVE_EVENTFD 1
#define HAVE_EVENTFD_READ 1
#define HAVE_SYS_USER_REGS 1
#define HAVE_AS_AMD64_FXSAVE64 1
#define HAVE_TLS 1
#define HAVE_ASM_UNISTD_H 1
#define HAVE_ENDIAN_H 1
#define HAVE_MQUEUE_H 1
#define HAVE_SYS_EPOLL_H 1
#define HAVE_SYS_EVENTFD_H 1
#define HAVE_SYS_KLOG_H 1
#define HAVE_SYS_POLL_H 1
#define HAVE_SYS_PRCTL_H 1
#define HAVE_SYS_SIGNAL_H 1
#define HAVE_SYS_SIGNALFD_H 1
#define HAVE_SYS_SYSCALL_H 1
#define HAVE_SYS_TIME_H 1
#define HAVE_SYS_TYPES_H 1
#define HAVE_USABLE_LINUX_FUTEX_H 1
#define TIME_WITH_SYS_TIME 1
#define HAVE_GETPAGESIZE 1
#define HAVE_MMAP 1
#define HAVE_LIBPTHREAD 1
#define HAVE_LIBRT 1
#define HAVE_CLOCK_GETTIME 1
#define HAVE_COPY_FILE_RANGE 1
#define HAVE_EPOLL_CREATE 1
#define HAVE_EPOLL_PWAIT 1
#define HAVE_KLOGCTL 1
#define HAVE_MALLINFO 1
#define HAVE_MEMCHR 1
#define HAVE_MEMFD_CREATE 1
#define HAVE_MEMSET 1
#define HAVE_MKDIR 1
#define HAVE_MREMAP 1
#define HAVE_PPOLL 1
#define HAVE_PREADV 1
#define HAVE_PREADV2 1
#define HAVE_PROCESS_VM_READV 1
#define HAVE_PROCESS_VM_WRITEV 1
#define HAVE_PTHREAD_BARRIER_INIT 1
#define HAVE_PTHREAD_CONDATTR_SETCLOCK 1
#define HAVE_PTHREAD_MUTEX_TIMEDLOCK 1
#define HAVE_PTHREAD_RWLOCK_TIMEDRDLOCK 1
#define HAVE_PTHREAD_RWLOCK_TIMEDWRLOCK 1
#define HAVE_PTHREAD_SETNAME_NP 1
#define HAVE_PTHREAD_SPIN_LOCK 1
#define HAVE_PWRITEV 1
#define HAVE_PWRITEV2 1
#define HAVE_READLINKAT 1
#define HAVE_SEMTIMEDOP 1
#define HAVE_SETCONTEXT 1
#define HAVE_SIGNALFD 1
#define HAVE_SIGWAITINFO 1
#define HAVE_STRCHR 1
#define HAVE_STRDUP 1
#define HAVE_STRPBRK 1
#define HAVE_STRRCHR 1
#define HAVE_STRSTR 1
#define HAVE_SWAPCONTEXT 1
#define HAVE_SYSCALL 1
#define HAVE_UTIMENSAT 1
#define HAVE_BUILTIN_POPCOUT 1
#define HAVE_BUILTIN_CLZ 1
#define HAVE_BUILTIN_CTZ 1
#define HAVE_BUILTIN_ATOMIC 1
#define HAVE_BUILTIN_ATOMIC_CXX 1
#define HAVE_SHARED_POINTER_ANNOTATION 1

configure: exit 0
